Date,Beach Road Cyclists,Carlton Gore Cycle Counter Cyclists,Curran St total,East_Coast_Road Cyclists,Glen Innes (Te Ara ki Uta ki Tai),Grafton Bridge Cyclists,Grafton Gully Cyclists,Grafton Road Cyclists,Great North Rd,Great South Road Total,HighBrook Cyclists,Hopetoun Street Cyclists,Karangahape Road Cyclists,Lagoon_Drive Cyclists,Lake Road Total,Mangere Bridge Cyclists,Mangere Safe Routes Cyclists,Nelson Street Cyclists,Nelson Street Lightpath Counter Cyclists,NW Cycleway Kingsland Cyclists,NW Cycleway TeAtatu Cyclists,Orewa Path Cyclists,Quay Street Totem Cyclists,Quay St Vector Arena,SH20 Dominion Road Cyclists,Symonds St Total,Tamaki Dr total,TeWero Bridge Bike Counter Cyclists,Twin Streams Cyclists,Upper Harbour New Cyclists,Upper Queen Street Cyclists,Vic St Wst total
Fri 1 Jan 2016,17,20,17,17,,63,12,14,,28,6,14,48,21,52,78,,16,39,27,10,21,,143,9,41,431,80,15,8,35,17
Sat 2 Jan 2016,21,23,16,21,,46,22,15,,49,2,15,41,34,36,66,,11,41,26,16,23,,114,9,43,214,39,13,27,27,20
Sun 3 Jan 2016,208,50,236,87,,178,259,25,,56,24,36,239,113,142,485,,251,814,301,439,720,,713,92,106,975,423,179,159,63,50
Mon 4 Jan 2016,434,82,395,164,,279,504,29,,73,28,44,290,175,355,784,,547,1482,538,340,826,,1261,153,176,1418,868,250,277,94,90
Tue 5 Jan 2016,292,183,295,134,,465,343,79,,86,35,98,476,144,246,534,,303,932,541,346,591,,1051,132,357,1318,514,269,167,107,129
Wed 6 Jan 2016,336,220,248,150,,484,366,82,,80,34,99,466,158,266,483,,337,979,637,397,493,,1042,139,399,1292,539,161,211,149,140
Thu 7 Jan 2016,323,192,233,132,,430,348,65,,92,42,110,389,144,255,425,,296,1008,550,319,468,,940,153,351,1197,580,181,100,127,123
Fri 8 Jan 2016,95,72,85,41,,198,108,41,,59,18,81,246,68,92,107,,86,168,186,158,142,,360,45,191,440,198,40,54,81,75
Sat 9 Jan 2016,228,72,280,185,,219,309,36,,69,39,44,264,147,304,565,,270,1038,353,310,578,,943,94,157,1221,591,271,229,84,98
Sun 10 Jan 2016,310,89,338,167,,272,431,26,,91,41,44,289,201,313,716,,417,1262,513,377,686,,978,135,172,1176,676,177,357,78,97
Mon 11 Jan 2016,396,228,264,164,,618,419,77,,103,57,217,588,146,299,433,,414,863,838,479,570,,1232,134,457,1487,600,216,162,160,163
Tue 12 Jan 2016,261,168,188,77,,426,241,78,,97,35,189,464,128,212,238,,238,455,515,277,219,,868,55,350,960,355,94,59,131,143
Wed 13 Jan 2016,493,267,330,177,,686,476,101,,97,108,182,652,182,393,602,,449,983,839,538,566,,1525,176,485,1738,960,153,224,179,193
Thu 14 Jan 2016,435,275,349,142,,669,382,97,,107,66,202,670,155,316,500,,439,998,745,500,364,,1428,148,480,1685,709,190,155,156,206
Fri 15 Jan 2016,377,229,254,106,,592,381,106,,82,47,187,608,160,264,398,,404,767,712,430,542,,1260,116,474,1476,748,126,154,177,170
Sat 16 Jan 2016,300,91,361,214,,310,420,28,,99,31,78,297,203,288,757,,373,1047,536,416,502,,1232,115,233,1536,771,164,248,108,160
Sun 17 Jan 2016,308,80,448,166,,269,411,31,,93,26,72,357,241,309,782,,351,1014,421,411,664,,1177,104,201,1516,757,200,284,73,104
Mon 18 Jan 2016,276,200,161,70,,488,244,72,,91,34,213,475,121,229,253,,285,638,561,278,198,,766,65,364,831,350,94,41,156,140
Tue 19 Jan 2016,424,293,358,152,,735,432,90,,111,62,231,662,145,308,559,,502,956,898,516,422,,1448,115,533,1657,601,227,179,198,206
Wed 20 Jan 2016,469,291,332,179,,743,486,101,,89,57,205,711,154,349,587,,487,999,977,552,428,,1495,167,537,1763,714,230,214,189,222
Thu 21 Jan 2016,418,307,369,176,,728,464,100,,90,55,207,691,182,300,499,,435,771,894,569,329,,1482,155,521,1689,703,170,179,178,190
Fri 22 Jan 2016,378,222,300,143,,638,411,98,,88,57,188,660,158,337,498,,392,633,765,489,344,,1231,116,445,1441,756,132,157,181,215
Sat 23 Jan 2016,219,115,407,239,,281,284,32,,107,41,64,395,256,330,801,,269,679,425,406,512,,1283,95,218,1665,710,167,352,102,105
Sun 24 Jan 2016,291,75,442,188,,314,380,23,,92,30,59,359,258,313,853,,344,906,463,484,551,,1548,122,208,1904,905,166,363,89,116
Mon 25 Jan 2016,439,270,306,135,,711,412,90,,122,64,214,651,161,308,497,,441,679,886,537,378,,1370,181,498,1605,626,138,113,156,181
Tue 26 Jan 2016,448,353,367,169,,785,452,105,,79,70,232,818,172,353,514,,473,725,932,613,316,,1523,199,588,1851,617,164,167,217,203
Wed 27 Jan 2016,312,247,221,114,,611,329,88,,100,47,198,613,169,352,364,,399,592,710,461,223,,1135,85,455,1272,466,61,126,159,154
Thu 28 Jan 2016,380,291,399,178,,729,391,92,,87,51,204,671,173,314,445,,393,660,779,527,330,,1305,155,478,1531,594,128,141,147,179
Fri 29 Jan 2016,355,249,246,126,,580,335,77,,97,49,185,580,154,242,382,,386,665,685,477,351,,1129,108,409,1267,573,132,109,168,166
Sat 30 Jan 2016,223,87,370,222,,252,277,37,,106,47,64,349,227,316,778,,309,873,408,353,390,,1331,145,214,1607,626,188,367,86,86
Sun 31 Jan 2016,275,61,426,149,,279,351,34,,105,45,70,309,220,304,767,,394,1027,451,476,555,,1188,122,154,1435,733,271,291,97,82
Mon 1 Feb 2016,343,85,444,149,,537,466,25,,63,55,65,276,142,313,730,,512,1293,500,459,703,,1242,123,171,1472,697,253,215,86,85
Tue 2 Feb 2016,420,283,321,161,,619,428,101,,114,64,203,739,194,342,506,,441,768,911,448,300,,1394,153,533,1625,600,147,173,183,151
Wed 3 Feb 2016,424,290,345,162,,649,456,81,,122,74,251,738,206,422,532,,475,738,954,493,402,,1456,181,568,1661,668,132,159,186,166
Thu 4 Feb 2016,405,323,306,155,,655,453,102,,127,59,262,730,170,369,423,,403,732,956,486,333,,1262,150,581,1473,538,115,108,201,129
Fri 5 Feb 2016,300,194,193,114,,521,292,70,,99,46,194,530,114,318,267,,308,731,594,395,204,,858,70,406,1003,441,48,90,160,131
Sat 6 Feb 2016,93,63,130,82,,280,144,18,,58,42,52,149,106,171,324,,103,342,151,374,247,,501,63,142,632,298,66,74,63,29
Sun 7 Feb 2016,334,87,431,173,,303,423,27,,89,49,40,264,238,310,812,,443,1252,442,443,617,,1264,136,173,1530,839,209,300,86,85
Mon 8 Feb 2016,439,94,531,178,,600,590,32,,72,45,56,296,207,368,1027,,683,1914,635,438,1051,,1428,181,186,1819,971,295,346,112,97
Tue 9 Feb 2016,460,341,294,195,,659,457,84,,113,66,255,750,186,365,489,,436,838,997,468,395,,1409,140,564,1591,520,126,170,193,150
Wed 10 Feb 2016,516,363,345,200,,691,555,96,,122,83,248,792,195,476,490,,669,1079,1154,513,401,,1501,197,605,1695,765,110,204,193,149
Thu 11 Feb 2016,455,325,395,177,,713,488,93,,122,58,286,773,170,407,481,,469,858,943,590,416,,1405,128,577,1668,636,118,165,169,175
Fri 12 Feb 2016,414,289,293,165,,591,392,96,,117,51,209,685,161,386,428,,424,608,893,527,388,,1354,129,535,1566,705,91,135,176,133
Sat 13 Feb 2016,255,105,399,204,,294,321,102,,98,19,104,374,213,332,801,,322,867,532,520,448,,1301,140,222,1666,712,223,376,68,116
Sun 14 Feb 2016,361,124,532,206,,305,418,77,,102,23,94,341,265,298,967,,394,1030,540,668,623,,1444,161,242,1726,1013,220,401,56,109
Mon 15 Feb 2016,371,274,233,119,,605,394,101,,102,50,239,681,170,328,417,,434,896,942,450,349,,1101,136,554,1181,477,124,75,216,144
Tue 16 Feb 2016,393,314,263,146,,720,424,105,,103,56,250,717,145,318,358,,395,709,969,504,350,,1120,167,584,1261,448,129,145,170,136
Wed 17 Feb 2016,183,172,106,75,,383,176,88,,85,29,189,426,100,230,154,,232,500,433,251,91,,616,72,334,687,210,44,19,148,86
Thu 18 Feb 2016,258,233,167,108,,510,276,112,,85,38,194,527,102,269,229,,305,493,593,342,174,,775,93,417,822,294,107,84,148,105
Fri 19 Feb 2016,491,376,295,113,,830,527,104,,124,43,248,677,185,420,402,,469,841,1058,538,380,,1374,161,630,1526,648,103,141,206,139
Sat 20 Feb 2016,246,129,365,189,,342,294,74,,102,44,71,409,246,311,864,,251,668,491,552,567,,1236,146,210,1602,693,179,296,107,79
Sun 21 Feb 2016,370,161,444,156,,443,367,35,,93,27,77,415,246,333,950,,293,765,547,593,605,,1208,126,199,1523,774,265,393,94,84
Mon 22 Feb 2016,418,297,287,139,,766,442,90,,117,50,238,709,173,363,483,,432,723,1047,564,390,,1296,153,557,1485,523,108,109,208,138
Tue 23 Feb 2016,461,328,362,174,,847,491,94,,108,68,272,792,188,423,627,,498,816,1157,711,401,,1551,166,591,1870,645,107,179,203,138
Wed 24 Feb 2016,439,352,318,160,,851,451,103,,122,65,205,728,197,437,537,,475,821,1047,619,432,,1496,163,590,1642,620,138,163,197,162
Thu 25 Feb 2016,484,340,344,169,,845,496,131,,111,57,209,743,203,394,604,,410,615,1038,679,333,,1493,127,604,1699,609,136,157,186,146
Fri 26 Feb 2016,438,271,323,103,,749,439,106,,117,42,199,668,175,361,484,,417,778,974,592,332,,1428,126,532,1667,800,72,130,219,150
Sat 27 Feb 2016,210,118,397,201,,265,260,31,,89,39,66,339,216,322,753,,272,653,415,512,460,,1233,105,186,1541,610,139,334,85,83
Sun 28 Feb 2016,176,68,323,106,,234,225,36,,86,26,45,303,167,191,693,,212,535,357,390,517,,898,103,142,1125,495,161,260,80,59
Mon 29 Feb 2016,265,232,145,89,,585,292,112,,104,43,187,527,139,219,227,,279,546,700,379,100,,805,61,494,859,259,200,26,143,85
Tue 1 Mar 2016,296,252,187,99,,694,337,115,,93,31,217,610,130,259,609,,319,523,780,494,153,,875,108,568,961,290,121,63,175,114
Wed 2 Mar 2016,428,318,313,162,,934,470,121,,103,71,243,849,183,394,459,,461,825,978,636,343,,1423,159,661,1624,574,52,136,194,144
Thu 3 Mar 2016,446,333,330,189,,932,538,129,,110,58,245,826,167,388,557,,436,767,1011,698,397,,1488,153,713,1758,628,121,164,229,176
Fri 4 Mar 2016,444,300,282,125,,861,467,121,,123,42,200,760,167,361,282,,421,705,929,617,363,,1385,116,679,1548,641,129,145,191,146
Sat 5 Mar 2016,276,96,388,190,,337,290,48,,106,40,95,388,191,302,619,,245,683,445,564,514,,1314,143,220,1696,1073,233,346,97,103
Sun 6 Mar 2016,288,105,291,156,,368,346,34,,75,29,76,404,224,285,680,,283,881,444,703,690,,699,146,182,894,846,293,364,105,103
Mon 7 Mar 2016,403,315,236,127,,895,478,129,,102,52,247,778,169,337,462,,452,847,981,607,328,,1148,131,693,1251,493,118,104,194,133
Tue 8 Mar 2016,447,354,321,192,,984,526,126,,99,66,234,893,179,400,570,,455,728,1148,666,299,,1402,138,727,1611,610,121,160,239,164
Wed 9 Mar 2016,445,302,279,153,,861,460,119,,102,39,225,821,159,397,525,,381,618,896,552,343,,1244,125,668,1407,560,118,130,173,160
Thu 10 Mar 2016,474,340,364,165,,942,540,124,,96,61,237,836,173,382,500,,417,676,1014,610,340,,1407,168,707,1655,669,98,142,208,139
Fri 11 Mar 2016,339,277,230,100,,721,350,103,,124,41,185,614,132,300,441,,351,648,773,459,253,,1062,86,539,1206,550,113,113,192,132
Sat 12 Mar 2016,214,114,339,214,,393,296,46,,103,33,88,413,206,319,867,,286,793,506,560,521,,1156,143,257,1480,786,284,313,108,104
Sun 13 Mar 2016,259,110,497,174,,340,340,32,,89,31,77,328,206,305,668,,290,764,516,782,652,,1304,151,191,1658,872,91,327,96,106
Mon 14 Mar 2016,420,350,265,132,,975,503,101,,110,64,241,790,166,310,183,,455,933,1063,698,343,,1276,135,681,1369,509,41,113,195,138
Tue 15 Mar 2016,453,346,336,162,,999,513,123,,104,52,251,901,162,407,544,,461,876,1056,686,405,,1455,162,781,1695,637,117,161,196,138
Wed 16 Mar 2016,467,309,305,138,,899,523,120,,107,55,215,815,176,326,395,,430,702,920,596,340,,1195,150,697,1404,616,135,119,212,121
Thu 17 Mar 2016,389,272,252,134,,767,432,109,,106,44,241,771,141,289,443,,354,746,838,505,288,,1087,104,637,1297,583,74,105,183,131
Fri 18 Mar 2016,355,269,193,103,,744,358,111,,109,31,229,671,149,336,363,,394,811,711,426,261,,897,81,556,1006,535,59,74,161,119
Sat 19 Mar 2016,178,89,294,144,,314,229,55,,87,25,101,314,224,283,628,,197,749,333,414,382,,917,130,191,1150,728,57,263,100,86
Sun 20 Mar 2016,229,113,271,111,,253,219,22,,82,31,60,286,112,272,849,,236,619,324,414,543,,767,125,165,983,618,176,250,83,61
Mon 21 Mar 2016,415,360,271,108,,884,475,90,,114,42,251,759,143,345,362,,462,915,973,624,269,,1168,131,729,1301,524,125,79,195,129
Tue 22 Mar 2016,385,352,268,160,,913,440,122,,91,50,262,779,146,373,282,,504,900,942,597,206,,1189,117,694,1378,495,117,168,206,119
Wed 23 Mar 2016,223,197,99,63,,503,265,112,,79,22,210,470,86,188,471,,242,617,468,252,87,,578,64,421,601,256,140,20,147,90
Thu 24 Mar 2016,178,153,103,54,,430,184,98,,78,12,135,362,89,164,285,,192,354,318,230,100,,509,72,340,585,258,144,50,136,60
Fri 25 Mar 2016,291,81,374,140,,341,348,28,,85,41,44,354,155,269,286,,359,1337,531,633,704,,1115,100,203,1395,809,88,301,99,81
Sat 26 Mar 2016,195,76,288,144,,268,246,26,,67,34,48,301,140,273,498,,302,714,415,569,561,,936,83,218,1150,662,56,238,70,104
Sun 27 Mar 2016,291,55,346,127,,245,400,17,,86,46,47,297,167,181,433,,368,1177,522,559,811,,1089,121,159,1289,752,250,320,92,70
Mon 28 Mar 2016,287,69,295,156,,231,381,25,,61,44,50,252,133,272,338,,340,1081,445,565,741,,1068,147,164,1322,610,87,281,77,71
Tue 29 Mar 2016,416,282,312,145,,704,398,80,,92,43,204,695,155,263,461,,471,681,834,576,436,,1274,150,462,1521,587,101,153,185,149
Wed 30 Mar 2016,414,332,287,183,,932,487,108,,91,59,213,809,171,385,406,,487,918,1012,605,376,,1328,139,622,1589,586,109,182,202,140
Thu 31 Mar 2016,410,345,305,155,,948,468,137,,80,50,236,789,163,412,342,,458,924,1010,618,333,,1250,113,644,1377,520,129,125,229,137
Fri 1 Apr 2016,268,219,198,80,,647,303,95,,84,28,208,565,104,255,739,,344,343,681,357,156,,810,57,477,916,387,98,62,163,111
Sat 2 Apr 2016,171,93,237,93,,235,160,38,,56,16,74,288,111,197,671,,181,390,307,325,418,,623,65,184,833,456,160,164,96,84
Sun 3 Apr 2016,351,131,440,176,,350,480,42,,86,28,72,368,242,352,770,,374,768,630,711,634,,1214,147,214,1559,867,207,334,88,117
Mon 4 Apr 2016,374,332,238,134,,868,475,112,,98,40,195,731,136,361,393,,449,588,1043,662,334,,1221,127,641,1354,500,97,94,181,144
Tue 5 Apr 2016,469,378,313,204,,999,534,117,,88,40,209,883,187,430,572,,511,629,1138,676,382,,1511,135,692,1723,625,129,181,214,156
Wed 6 Apr 2016,453,308,300,144,,910,546,99,,109,81,199,827,177,428,482,,529,567,1145,705,374,,1406,157,682,1590,651,94,153,191,164
Thu 7 Apr 2016,412,312,292,160,,903,503,129,,104,66,236,760,163,407,491,,416,603,1031,663,334,,1292,112,664,1446,629,88,154,211,141
Fri 8 Apr 2016,349,241,218,113,,709,403,124,,83,38,196,663,121,309,445,,398,597,785,451,278,,1044,98,529,1150,526,67,115,176,127
Sat 9 Apr 2016,207,97,322,166,,342,264,61,,72,49,79,354,184,244,696,,230,724,418,547,457,,937,155,224,1217,654,150,251,90,81
Sun 10 Apr 2016,213,82,306,108,,284,291,38,,79,11,75,244,156,248,865,,246,633,437,611,317,,797,106,138,1100,442,319,326,77,46
Mon 11 Apr 2016,417,289,225,121,,856,510,93,,88,46,205,716,159,312,457,,433,647,987,593,281,,1040,126,588,1191,438,88,75,195,125
Tue 12 Apr 2016,429,350,300,157,,918,500,107,,84,40,214,771,153,366,542,,497,720,986,540,355,,1281,143,665,1499,599,152,122,206,144
Wed 13 Apr 2016,365,314,235,117,,866,468,120,,68,57,195,741,151,406,489,,421,667,912,508,295,,1146,119,581,1324,486,103,96,205,143
Thu 14 Apr 2016,431,324,335,144,,871,542,120,,123,79,203,751,197,397,459,,458,571,952,589,290,,1336,157,643,1545,966,80,130,224,165
Fri 15 Apr 2016,374,261,265,119,,770,440,98,,95,32,208,631,148,400,401,,391,591,868,524,357,,1218,132,571,1410,1068,76,139,179,159
Sat 16 Apr 2016,292,126,329,155,,331,362,47,,91,37,73,339,196,282,657,,288,754,467,481,374,,1000,135,202,1218,651,170,245,107,66
Sun 17 Apr 2016,75,45,117,42,,138,111,23,,46,10,37,154,100,111,339,,81,248,170,193,120,,346,41,81,459,173,139,112,39,19
Mon 18 Apr 2016,409,295,234,123,,725,452,83,,94,40,204,653,162,293,663,,454,658,914,519,463,,1076,103,502,1162,527,58,144,200,170
Tue 19 Apr 2016,449,306,310,146,,832,441,73,,135,49,210,751,172,321,529,,475,766,982,594,407,,1442,144,548,1728,696,70,171,192,193
Wed 20 Apr 2016,399,270,274,135,,733,461,77,,100,52,201,667,177,308,510,,448,683,933,651,409,,1248,139,488,1425,601,108,156,189,156
Thu 21 Apr 2016,391,270,327,121,,740,397,92,,94,50,237,734,156,279,500,,465,730,842,546,417,,1323,134,511,1540,687,59,121,179,176
Fri 22 Apr 2016,336,223,266,100,,674,343,70,,104,33,188,623,143,285,471,,372,602,733,462,450,,1057,103,462,1243,662,206,115,197,152
Sat 23 Apr 2016,273,122,353,179,,310,336,36,,90,30,72,353,210,313,482,,325,815,557,648,611,,1207,131,227,1485,796,112,351,95,85
Sun 24 Apr 2016,82,52,112,55,,101,115,38,,50,7,34,142,85,98,219,,102,342,168,185,134,,299,26,97,367,173,39,89,57,21
Mon 25 Apr 2016,305,120,332,133,,382,380,28,,68,23,45,330,165,268,394,,380,1016,586,707,817,,1115,137,183,1338,929,273,359,102,73
Tue 26 Apr 2016,420,311,235,104,,766,456,82,,84,39,190,680,136,255,506,,435,709,811,489,352,,1000,80,589,1169,472,154,117,174,146
Wed 27 Apr 2016,426,315,267,135,,838,500,111,,95,55,218,751,181,307,349,,452,855,953,625,505,,1266,125,639,1433,612,132,119,189,153
Thu 28 Apr 2016,401,296,277,132,,806,445,114,,90,56,206,698,174,281,318,,405,822,858,600,351,,1168,141,616,1375,530,83,147,174,159
Fri 29 Apr 2016,351,274,265,121,,739,400,94,,101,33,158,656,142,281,230,,416,901,720,479,328,,1026,96,551,1198,556,172,97,189,175
Sat 30 Apr 2016,309,116,444,195,,297,320,43,,88,32,65,328,180,292,615,,266,970,472,584,501,,1122,157,212,1424,706,187,264,76,91
Sun 1 May 2016,348,108,411,144,,380,486,34,,93,29,90,561,217,335,646,,525,1451,690,674,581,,1126,94,240,1373,761,178,393,209,81
Mon 2 May 2016,414,356,221,131,,834,498,98,,117,44,184,740,142,340,290,,430,679,1042,582,351,,1225,135,660,1356,466,131,97,198,146
Tue 3 May 2016,435,359,312,152,,963,535,121,,103,38,215,915,193,404,384,,546,819,1130,699,317,,1432,147,717,1740,537,131,122,202,165
Wed 4 May 2016,433,333,261,142,,904,473,110,,106,45,231,804,159,410,280,,481,747,1055,637,331,,1272,145,647,1428,560,110,134,188,172
Thu 5 May 2016,410,307,293,129,,844,479,123,,92,56,219,769,159,374,255,,484,714,1019,614,292,,1077,102,628,1274,491,82,121,202,156
Fri 6 May 2016,307,255,194,86,,691,365,100,,86,38,181,636,108,288,230,,335,576,733,423,227,,918,83,490,1018,416,132,97,175,141
Sat 7 May 2016,234,132,345,183,,385,266,48,,80,49,76,380,220,258,609,,314,726,553,663,483,,1156,144,203,1491,803,157,294,107,111
Sun 8 May 2016,272,85,346,156,,324,344,31,,69,24,66,308,224,219,607,,325,964,516,583,644,,1135,150,194,1401,696,171,296,102,67
Mon 9 May 2016,409,353,224,131,,820,509,134,,102,45,186,693,139,356,291,,466,662,1080,626,306,,1205,131,666,1313,452,141,95,167,139
Tue 10 May 2016,450,352,300,146,,965,571,108,,110,35,220,812,179,387,414,,513,615,1148,727,334,,1288,182,680,1532,438,129,142,209,163
Wed 11 May 2016,387,293,197,123,,810,431,119,,94,46,218,637,151,332,254,,374,439,917,498,249,,969,92,575,1164,417,115,95,184,138
Thu 12 May 2016,365,283,262,118,,786,385,137,,108,42,190,683,157,289,249,,416,485,835,537,252,,1040,96,603,1125,433,78,73,181,133
Fri 13 May 2016,367,273,234,104,,782,420,114,,104,23,207,705,133,316,248,,358,497,856,468,266,,1075,90,570,1197,494,86,96,194,146
Sat 14 May 2016,253,143,406,181,,398,300,49,,86,40,99,382,230,295,543,,247,453,524,558,448,,1112,131,244,1410,743,323,327,130,96
Sun 15 May 2016,270,88,388,152,,307,393,31,,80,17,72,318,243,308,719,,335,868,665,720,857,,1122,131,217,1431,715,189,426,117,84
Mon 16 May 2016,364,326,215,114,,768,442,115,,81,23,199,628,133,297,255,,417,459,951,526,281,,992,99,620,1088,389,75,66,186,124
Tue 17 May 2016,334,304,220,110,,776,446,107,,82,23,170,688,118,286,222,,416,486,931,490,242,,961,106,592,1084,399,84,103,167,140
Wed 18 May 2016,331,303,192,117,,730,434,93,,93,17,187,605,123,321,165,,382,446,772,422,239,,936,89,498,1153,407,56,78,157,122
Thu 19 May 2016,346,310,235,120,,783,413,108,,93,18,168,669,137,321,209,,414,458,835,472,195,,988,80,578,1117,381,69,117,167,122
Fri 20 May 2016,358,297,256,102,,730,402,99,,86,12,166,608,119,280,253,,381,459,748,469,264,,1038,108,546,1228,528,84,102,200,117
Sat 21 May 2016,69,60,88,82,,170,80,28,,47,17,50,174,89,154,135,,74,112,133,156,187,,387,34,132,478,197,24,94,59,43
Sun 22 May 2016,191,78,369,150,,271,234,25,,79,20,33,290,214,253,426,,208,423,418,488,482,,849,121,160,1092,581,154,286,74,47
Mon 23 May 2016,200,196,83,48,,440,219,82,,78,16,152,393,89,188,116,,241,270,495,233,99,,607,46,271,670,227,18,21,110,64
Tue 24 May 2016,286,234,167,77,,598,346,74,,94,24,165,567,111,242,194,,343,396,703,349,197,,829,63,452,978,318,60,55,143,91
Wed 25 May 2016,255,265,182,97,,595,285,87,,57,36,174,519,95,271,158,,281,348,605,301,164,,784,64,431,916,352,39,54,167,98
Thu 26 May 2016,295,255,218,125,,628,342,100,,69,45,178,578,127,282,204,,338,388,666,365,189,,898,87,480,1058,349,59,80,134,110
Fri 27 May 2016,264,234,176,109,,547,305,91,,76,24,147,513,100,283,205,,328,368,623,339,245,,869,79,390,1038,351,75,74,146,108
Sat 28 May 2016,136,66,148,77,,211,143,37,,62,14,50,214,81,152,238,,161,262,251,230,205,,487,71,153,615,308,135,91,87,47
Sun 29 May 2016,95,47,169,106,,129,132,31,,61,10,38,159,138,171,208,,97,177,223,299,178,,475,43,102,624,234,29,219,53,22
Mon 30 May 2016,321,229,135,96,,627,371,102,,73,23,171,584,102,250,184,,322,366,707,408,177,,795,91,456,857,340,51,66,141,81
Tue 31 May 2016,232,226,179,75,,592,319,83,,87,29,152,499,104,224,161,,316,387,616,276,146,,775,77,426,872,290,24,32,117,84
Wed 1 Jun 2016,302,284,196,111,,693,368,96,,87,39,158,646,142,334,239,,370,432,737,469,206,,972,70,486,1105,375,78,68,168,102
Thu 2 Jun 2016,364,320,279,155,,691,437,103,,91,38,197,674,174,362,228,,416,435,857,505,229,,1080,110,526,1309,397,99,116,165,130
Fri 3 Jun 2016,310,251,243,111,,617,335,89,,108,32,180,602,109,351,317,,361,399,685,426,294,,1027,71,482,1199,556,68,94,129,101
Sat 4 Jun 2016,234,89,316,161,,273,277,30,,79,33,55,319,218,270,399,,251,567,486,632,503,,958,90,204,1208,597,199,232,68,89
Sun 5 Jun 2016,328,79,406,122,,263,418,42,,79,14,44,322,152,271,496,,335,768,519,818,797,,1104,99,167,1341,878,190,294,65,100
Mon 6 Jun 2016,297,71,357,154,,250,357,21,,47,23,36,242,173,235,534,,373,859,500,689,866,,987,134,144,1248,773,298,220,53,85
Tue 7 Jun 2016,329,278,205,98,,689,362,79,,99,29,170,640,115,299,231,,403,524,782,522,176,,835,111,489,924,396,60,63,164,100
Wed 8 Jun 2016,329,298,171,99,,679,338,78,,93,37,181,629,135,322,177,,371,444,744,433,204,,881,92,475,988,385,60,61,171,109
Thu 9 Jun 2016,275,206,81,83,,517,258,94,,75,28,157,474,94,224,146,,290,336,502,304,98,,641,54,382,721,257,44,46,155,96
Fri 10 Jun 2016,212,159,130,67,,495,224,90,,82,11,152,456,80,221,381,,260,285,513,282,149,,622,71,322,685,255,23,33,124,66
Sat 11 Jun 2016,207,137,182,191,,317,229,46,,73,47,61,329,183,266,412,,186,319,393,542,435,,899,118,209,1165,435,130,284,65,72
Sun 12 Jun 2016,275,79,234,130,,221,274,37,,69,25,40,303,194,252,340,,245,412,417,565,406,,881,115,152,1082,594,257,266,82,63
Mon 13 Jun 2016,330,257,165,106,,602,342,93,,83,39,197,566,102,292,211,,406,439,804,499,224,,924,110,489,1024,370,67,60,148,83
Tue 14 Jun 2016,339,264,286,158,,654,367,84,,90,30,198,661,154,348,215,,428,495,796,514,217,,1009,124,454,1195,455,72,97,152,108
Wed 15 Jun 2016,354,284,170,96,,686,368,92,,76,52,182,594,131,343,204,,331,362,714,473,160,,956,123,443,1108,401,64,73,160,106
Thu 16 Jun 2016,332,263,232,111,,661,390,94,,89,38,177,661,131,313,219,,342,403,775,478,190,,981,116,456,1126,435,53,102,147,101
Fri 17 Jun 2016,315,227,211,105,,583,310,101,,94,32,152,530,131,305,345,,319,364,663,476,242,,938,84,419,1050,411,76,87,134,99
Sat 18 Jun 2016,201,75,260,162,,269,249,57,,77,23,53,305,182,242,393,,160,310,393,542,299,,734,142,152,1007,406,190,266,72,77
Sun 19 Jun 2016,265,93,374,156,,276,339,35,,74,23,59,309,226,321,387,,247,535,479,672,622,,923,157,160,1174,645,262,315,58,79
Mon 20 Jun 2016,318,259,186,116,,625,404,79,,100,30,185,586,113,315,252,,367,419,787,587,264,,899,103,446,990,390,101,71,134,88
Tue 21 Jun 2016,337,284,206,107,,640,360,83,,94,21,179,583,120,355,203,,379,406,823,554,213,,976,114,479,1183,395,73,81,152,106
Wed 22 Jun 2016,189,181,100,78,,429,226,62,,82,17,139,400,79,191,108,,230,245,459,244,86,,487,72,288,556,225,42,27,108,75
Thu 23 Jun 2016,236,177,124,74,,434,228,77,,70,23,182,419,90,182,145,,246,257,544,252,156,,577,56,313,669,260,49,37,143,86
Fri 24 Jun 2016,296,201,194,96,,549,295,89,,88,19,145,492,120,326,187,,311,325,619,437,223,,865,102,368,1043,421,89,104,140,98
Sat 25 Jun 2016,45,50,69,58,,117,59,32,,65,14,40,114,102,109,142,,33,51,112,155,30,,299,39,92,417,92,11,30,42,23
Sun 26 Jun 2016,62,39,123,88,,155,92,29,,60,10,35,180,105,152,190,,55,97,145,318,179,,390,63,111,502,209,73,165,46,23
Mon 27 Jun 2016,190,151,89,74,,341,222,65,,70,8,137,342,83,174,156,,222,262,464,258,76,,516,63,241,581,237,27,34,100,74
Tue 28 Jun 2016,257,252,203,110,,582,325,70,,100,50,187,542,124,293,233,,364,515,706,492,190,,984,165,368,1135,384,72,109,154,103
Wed 29 Jun 2016,158,118,73,52,,357,182,51,,70,24,129,300,75,161,143,,196,214,362,228,81,,496,64,224,565,179,30,17,100,53
Thu 30 Jun 2016,258,203,133,110,,487,293,70,,81,27,171,495,105,221,208,,313,329,609,372,192,,731,102,314,875,308,56,54,132,101
Fri 1 Jul 2016,266,224,217,115,,526,294,88,,92,30,139,558,122,464,188,,304,344,629,454,248,,1013,114,380,1205,478,88,98,123,192
Sat 2 Jul 2016,213,109,341,183,,264,248,36,,81,41,64,311,231,265,495,,237,436,397,605,436,,1002,111,176,1370,787,144,244,72,108
Sun 3 Jul 2016,264,85,345,159,,267,347,23,,66,15,71,297,194,251,601,,288,515,581,874,712,,960,153,148,1304,695,189,250,70,84
Mon 4 Jul 2016,300,226,160,115,,524,364,70,,86,39,175,547,117,326,209,,348,384,772,513,243,,824,134,404,998,383,64,57,135,159
Tue 5 Jul 2016,304,262,205,140,,598,364,70,,102,41,182,555,159,321,268,,412,422,771,560,250,,934,128,471,1214,380,114,126,136,182
Wed 6 Jul 2016,322,261,205,98,,617,354,82,,77,53,205,547,129,368,231,,345,377,714,518,268,,927,106,409,1125,453,77,100,139,140
Thu 7 Jul 2016,230,154,106,88,,443,223,75,,69,20,153,469,101,219,127,,284,305,480,321,117,,619,56,324,719,266,30,40,111,153
Fri 8 Jul 2016,212,146,152,60,,399,214,78,,84,12,147,418,86,177,152,,272,268,447,275,134,691,708,69,257,746,380,55,36,133,120
Sat 9 Jul 2016,160,69,189,124,,183,187,40,,80,38,55,292,150,212,369,,144,302,268,394,232,547,756,105,143,942,473,103,170,76,86
Sun 10 Jul 2016,233,80,316,119,,214,285,21,,76,20,42,299,187,234,506,,295,604,415,582,588,791,969,138,113,1151,631,210,309,55,89
Mon 11 Jul 2016,300,224,147,109,,501,319,93,,92,44,171,515,119,210,187,,346,432,710,473,266,642,891,100,392,987,431,120,53,126,184
Tue 12 Jul 2016,395,243,225,129,,559,421,103,,106,31,180,611,155,291,244,,394,541,768,561,376,815,1147,128,411,1350,606,164,134,149,183
Wed 13 Jul 2016,303,229,205,102,,539,324,84,,83,23,183,501,116,268,218,,366,441,675,504,305,654,914,101,388,993,460,100,103,129,141
Thu 14 Jul 2016,180,131,86,42,,378,172,75,,82,9,131,381,74,134,139,,224,232,352,206,74,364,561,54,257,654,279,49,39,109,117
Fri 15 Jul 2016,185,146,143,69,,389,219,74,,76,14,121,417,71,166,102,,247,317,394,263,144,442,716,39,299,774,303,46,54,123,109
Sat 16 Jul 2016,134,67,98,72,,204,156,45,,66,30,54,242,98,183,169,,139,249,229,249,199,437,581,68,133,667,379,94,93,52,60
Sun 17 Jul 2016,128,76,156,121,,172,148,37,,70,21,45,225,141,184,247,,103,209,244,297,243,435,571,80,120,635,346,60,188,57,51
Mon 18 Jul 2016,217,159,91,70,,447,272,97,,81,10,145,422,60,150,145,,243,264,510,287,95,402,594,55,359,635,292,70,37,83,79
Tue 19 Jul 2016,290,228,130,90,,552,332,87,,113,18,139,541,101,176,162,,317,383,626,393,142,535,842,67,407,986,407,103,132,124,140
Wed 20 Jul 2016,205,171,109,62,,497,221,86,,73,37,162,458,98,143,111,,252,285,425,271,110,445,617,73,368,664,319,69,55,107,131
Thu 21 Jul 2016,301,278,177,94,,599,326,98,,71,46,155,460,113,243,207,,346,430,631,445,202,627,899,110,429,1066,428,110,114,141,155
Fri 22 Jul 2016,240,186,156,101,,490,267,76,,91,17,162,490,77,205,202,,270,375,520,358,250,534,852,71,369,933,423,104,129,144,147
Sat 23 Jul 2016,157,80,171,101,,203,154,26,,62,19,69,262,129,164,257,,104,188,204,258,233,392,699,53,118,809,328,71,178,66,63
Sun 24 Jul 2016,125,71,140,73,,201,163,37,,65,9,38,268,108,134,211,,119,204,308,343,214,320,477,76,113,584,311,125,110,56,70
Mon 25 Jul 2016,296,273,140,79,,642,396,101,,95,26,181,479,108,271,213,,333,363,742,415,226,565,881,80,484,857,383,95,105,136,161
Tue 26 Jul 2016,247,214,110,128,,529,300,103,,88,9,157,576,116,200,151,,281,531,534,310,177,428,780,75,404,1019,282,65,70,144,143
Wed 27 Jul 2016,352,274,216,92,,728,426,82,,89,37,190,464,139,313,235,,370,418,786,564,255,592,930,90,500,996,433,91,102,154,153
Thu 28 Jul 2016,228,226,137,86,,522,299,106,,73,18,167,463,100,250,159,,273,309,580,351,166,466,757,50,343,851,284,24,65,125,136
Fri 29 Jul 2016,177,181,83,97,,407,205,93,,75,18,119,484,87,202,89,,191,207,367,209,63,399,680,47,287,892,286,53,39,119,92
Sat 30 Jul 2016,132,110,220,101,,218,161,33,,51,48,54,216,199,208,379,,140,250,281,428,356,516,811,103,146,1025,480,132,177,65,85
Sun 31 Jul 2016,58,40,86,90,,115,79,27,,76,1,34,260,89,138,140,,93,124,136,273,162,214,469,41,91,815,168,47,94,41,34
Mon 1 Aug 2016,295,208,90,101,,511,321,91,,84,27,170,515,102,230,173,43,288,293,581,367,183,500,713,60,415,803,307,48,53,103,127
Tue 2 Aug 2016,340,264,206,0,,637,363,86,,87,31,167,586,111,291,240,40,367,384,725,482,239,661,1036,103,473,1145,420,85,114,118,162
Wed 3 Aug 2016,329,239,147,44,,585,360,100,,72,29,168,583,133,313,195,34,335,368,635,434,237,616,963,85,444,1122,371,55,93,153,152
Thu 4 Aug 2016,238,195,87,70,,527,254,112,,63,40,125,429,94,191,108,25,312,444,476,288,155,430,685,49,338,770,260,45,34,124,127
Fri 5 Aug 2016,276,189,139,70,,521,304,106,,82,41,150,514,104,216,156,74,266,273,513,297,198,524,831,69,380,966,386,57,44,132,142
Sat 6 Aug 2016,77,51,101,73,,145,104,46,,29,9,52,182,94,133,210,58,77,112,141,153,120,222,456,48,117,607,198,64,93,50,63
Sun 7 Aug 2016,161,76,269,125,,242,213,35,,77,35,34,258,245,235,338,21,177,347,346,579,529,576,825,97,119,1031,539,175,338,62,82
Mon 8 Aug 2016,297,191,130,90,,554,347,96,,73,28,178,556,110,214,197,36,317,375,677,430,211,562,836,79,448,914,354,73,56,112,145
Tue 9 Aug 2016,331,250,157,122,,608,401,98,,68,21,173,607,133,269,202,42,353,404,760,484,186,599,967,85,490,1135,367,66,83,159,147
Wed 10 Aug 2016,208,153,81,56,,463,238,101,,59,13,157,448,88,198,98,24,241,226,400,244,40,366,523,51,344,582,219,44,19,80,145
Thu 11 Aug 2016,300,198,150,89,,577,338,75,,69,22,175,574,130,263,178,56,337,376,640,413,143,562,806,81,469,931,392,84,78,120,140
Fri 12 Aug 2016,251,210,197,121,,590,334,87,,101,26,169,564,99,289,219,18,354,384,622,378,207,618,939,74,396,1073,433,47,81,132,125
Sat 13 Aug 2016,141,80,175,129,,202,171,35,,65,28,30,251,169,250,370,37,143,283,265,386,259,405,675,79,157,813,418,115,175,77,64
Sun 14 Aug 2016,239,99,363,188,,271,346,36,,67,21,60,332,272,320,589,15,284,496,575,912,654,869,1285,146,168,1510,808,212,339,75,110
Mon 15 Aug 2016,323,230,183,126,,623,417,96,,68,31,173,602,117,261,224,39,416,429,808,512,288,633,986,104,500,1039,461,74,75,136,140
Tue 16 Aug 2016,388,274,207,127,,694,499,111,,80,26,177,624,124,314,295,43,452,508,861,628,288,798,1293,114,539,1487,545,122,135,194,199
Wed 17 Aug 2016,343,261,205,151,,737,399,86,,71,57,188,679,157,365,286,23,429,479,818,577,285,756,1210,164,529,1377,494,107,136,145,177
Thu 18 Aug 2016,351,233,218,103,,670,407,110,,85,50,186,642,171,299,239,30,403,444,774,579,250,759,1135,133,498,1272,558,93,131,159,189
Fri 19 Aug 2016,297,222,244,113,,576,340,93,,71,42,130,559,127,308,225,24,346,395,658,438,257,735,996,97,450,1109,564,89,79,161,148
Sat 20 Aug 2016,224,79,338,162,,262,270,39,,62,37,63,319,190,262,402,37,185,354,394,577,399,706,1010,139,151,1277,648,150,224,74,92
Sun 21 Aug 2016,252,82,336,142,,271,319,44,,93,29,53,287,202,264,436,12,277,509,522,794,502,844,1124,169,173,1339,822,204,267,78,79
Mon 22 Aug 2016,300,245,126,96,,601,383,94,,82,36,184,551,113,250,182,51,369,428,773,493,253,634,901,86,484,958,396,76,62,144,161
Tue 23 Aug 2016,386,296,251,133,,728,421,97,,88,32,195,667,131,313,265,30,451,494,873,596,244,748,1103,128,539,1308,525,85,122,159,189
Wed 24 Aug 2016,236,220,127,96,,513,304,78,,78,32,163,473,129,254,140,33,262,266,549,363,115,505,858,49,367,953,311,24,54,99,122
Thu 25 Aug 2016,110,91,50,42,,253,128,76,,56,8,117,243,48,84,65,6,158,170,233,135,41,218,365,29,212,426,165,9,28,85,58
Fri 26 Aug 2016,188,153,106,59,,387,196,80,,80,21,117,417,74,175,102,20,223,269,404,215,112,380,640,39,293,675,265,36,30,168,105
Sat 27 Aug 2016,107,92,154,90,,207,126,43,,68,30,51,243,146,136,206,29,98,163,206,237,230,370,525,67,139,648,326,86,80,150,57
Sun 28 Aug 2016,325,91,428,179,,310,425,32,,94,29,53,332,306,258,623,30,282,516,584,1040,643,969,1431,142,153,1720,873,314,395,78,99
Mon 29 Aug 2016,264,183,108,57,,452,279,76,,66,20,175,427,82,180,130,24,316,306,574,365,128,485,693,66,329,718,274,58,48,117,132
Tue 30 Aug 2016,298,238,206,128,,570,358,90,,84,63,198,575,121,269,249,28,404,467,758,554,276,671,1079,103,384,1239,419,74,121,188,155
Wed 31 Aug 2016,341,231,246,116,,607,397,71,,77,63,194,539,158,348,278,53,446,474,894,652,311,789,1148,135,386,1277,513,103,189,192,195
Thu 1 Sep 2016,315,218,191,135,,589,370,110,,100,34,167,604,119,324,277,27,410,436,806,581,282,764,1068,129,398,1173,517,69,113,195,196
Fri 2 Sep 2016,272,197,196,83,,497,297,104,,88,22,163,511,119,210,213,40,344,369,609,412,196,611,889,67,343,945,438,89,67,136,149
Sat 3 Sep 2016,203,89,287,150,,205,231,38,,72,32,57,252,227,233,436,77,171,267,386,578,329,634,943,81,161,1143,556,140,208,89,101
Sun 4 Sep 2016,229,70,261,110,,225,266,24,,77,17,35,235,220,195,331,15,249,438,389,457,530,685,840,69,121,1002,537,186,288,68,67
Mon 5 Sep 2016,288,227,127,76,,538,294,89,,64,22,151,460,96,215,187,24,335,370,736,405,173,558,764,96,385,807,325,80,37,154,137
Tue 6 Sep 2016,373,254,192,134,,583,378,92,,83,30,177,567,129,293,255,33,374,414,856,632,243,714,1123,107,403,1294,456,80,127,145,167
Wed 7 Sep 2016,305,246,185,118,,563,368,90,,80,23,156,548,121,319,210,32,354,356,758,539,210,656,969,98,395,1048,438,72,119,168,153
Thu 8 Sep 2016,209,162,74,50,,412,214,75,,73,7,129,398,85,186,98,41,227,217,433,262,72,406,581,58,272,638,268,29,24,152,133
Fri 9 Sep 2016,257,187,158,85,,469,297,72,,91,23,118,446,110,280,166,12,317,314,654,426,240,544,839,103,359,992,411,69,75,143,152
Sat 10 Sep 2016,233,123,382,168,,293,293,39,,80,36,51,353,233,345,524,42,234,378,513,738,533,822,1147,175,189,1403,765,232,328,85,160
Sun 11 Sep 2016,328,86,404,173,,279,444,38,,90,18,63,325,243,353,645,21,339,534,646,1074,805,1033,1448,156,196,1687,892,242,395,60,87
Mon 12 Sep 2016,318,283,175,117,,648,394,109,,71,27,197,603,138,271,214,27,445,412,969,615,292,709,1063,123,522,1117,423,122,89,157,150
Tue 13 Sep 2016,387,321,234,131,,753,426,109,,83,42,186,698,170,348,286,43,442,422,956,606,265,741,1167,134,545,1407,486,110,161,152,157
Wed 14 Sep 2016,334,285,223,95,,679,412,123,,74,48,173,655,165,357,242,37,403,391,922,590,266,717,1210,118,536,1378,487,117,152,170,180
Thu 15 Sep 2016,180,154,79,63,,420,226,97,,58,15,143,405,101,188,132,28,271,267,505,274,108,359,606,67,336,684,200,10,24,118,127
Fri 16 Sep 2016,240,198,150,91,,511,306,115,,89,25,177,499,175,305,181,28,287,289,618,395,203,576,894,92,416,1002,421,44,94,142,108
Sat 17 Sep 2016,69,55,69,69,,106,71,38,,46,7,35,177,93,153,167,22,61,67,139,225,88,211,407,53,93,503,164,64,84,55,36
Sun 18 Sep 2016,92,80,130,95,,185,132,36,,45,12,43,222,116,179,185,12,93,132,219,281,185,345,491,73,122,543,322,67,159,56,61
Mon 19 Sep 2016,333,277,189,114,,668,405,99,,79,40,189,606,159,294,251,53,424,420,888,595,266,701,1047,82,545,1151,459,71,102,150,155
Tue 20 Sep 2016,310,282,168,146,,684,406,92,,75,36,180,691,128,292,283,37,367,366,827,532,227,687,1019,113,504,1240,401,86,123,145,169
Wed 21 Sep 2016,210,185,105,72,,467,237,109,,56,27,143,457,111,194,133,34,253,209,516,291,66,382,649,74,364,741,245,20,31,102,112
Thu 22 Sep 2016,312,251,225,127,,666,388,120,,76,44,187,644,136,276,292,283,355,303,788,566,230,692,1073,87,515,1278,457,71,138,151,147
Fri 23 Sep 2016,251,220,194,93,,606,328,110,,91,30,168,581,106,262,188,41,333,312,675,466,265,691,895,84,431,959,476,59,69,138,162
Sat 24 Sep 2016,135,65,203,145,,182,172,43,,69,41,61,227,215,234,340,38,113,156,270,383,110,410,710,51,141,925,395,84,164,68,63
Sun 25 Sep 2016,25,27,63,30,,60,29,20,,38,3,36,100,34,81,58,9,19,18,94,127,104,113,219,30,57,286,96,17,41,28,36
Mon 26 Sep 2016,256,208,633,93,,507,316,100,,80,25,172,476,106,159,190,56,304,289,607,422,221,586,854,89,413,913,433,127,86,127,127
Tue 27 Sep 2016,339,255,152,138,,644,437,122,,68,41,186,663,118,293,263,35,448,402,926,630,277,775,1200,131,529,1380,584,158,162,158,141
Wed 28 Sep 2016,219,171,130,88,,429,290,75,,68,20,148,455,128,209,123,18,286,274,550,305,99,499,764,64,333,845,308,42,46,127,115
Thu 29 Sep 2016,280,202,165,105,,526,350,113,,74,13,158,547,90,223,191,48,309,330,654,496,352,637,1008,108,440,1123,494,135,109,145,150
Fri 30 Sep 2016,222,180,176,112,,477,267,110,,67,36,141,430,108,205,192,27,273,283,564,427,307,589,869,88,344,1005,463,74,96,132,134
Sat 1 Oct 2016,156,60,221,126,,158,167,46,54,78,30,59,210,175,186,292,33,141,210,307,374,234,460,579,62,163,719,352,119,145,33,83
Sun 2 Oct 2016,84,36,122,84,,146,89,34,37,52,16,50,155,84,138,167,20,93,121,196,377,195,337,467,39,101,580,276,150,156,76,41
Mon 3 Oct 2016,223,183,122,87,,502,282,99,96,59,31,130,415,100,192,169,43,280,267,549,367,205,482,767,79,398,826,330,66,58,110,112
Tue 4 Oct 2016,352,293,267,168,,712,499,126,142,74,36,196,664,140,328,370,36,467,438,875,670,345,873,1281,120,506,1481,611,118,185,150,175
Wed 5 Oct 2016,336,229,213,91,,636,448,121,162,74,33,180,648,129,236,216,42,426,418,754,481,295,724,999,98,463,1113,574,115,118,155,194
Thu 6 Oct 2016,256,207,133,96,,535,301,94,116,68,41,165,471,108,211,152,30,292,251,530,344,119,509,752,87,393,818,358,55,62,129,136
Fri 7 Oct 2016,160,151,92,37,,394,203,87,86,67,17,126,389,81,125,105,31,229,201,385,210,50,403,574,64,307,594,319,69,43,90,98
Sat 8 Oct 2016,329,136,397,207,,334,376,46,75,102,46,51,337,311,357,630,42,305,430,647,817,621,1138,1394,145,223,1586,935,247,392,82,125
Sun 9 Oct 2016,146,59,196,124,,194,194,29,41,84,20,53,184,170,194,336,13,132,173,361,409,290,484,673,77,125,827,381,73,270,61,60
Mon 10 Oct 2016,318,242,159,93,,577,383,108,129,86,24,188,563,104,208,211,21,373,321,777,457,183,557,940,105,448,998,367,56,56,142,139
Tue 11 Oct 2016,436,334,331,165,,801,494,110,188,92,54,213,748,140,323,374,27,517,480,1020,698,336,986,1448,168,547,1635,669,106,171,194,199
Wed 12 Oct 2016,295,228,175,99,,595,356,108,131,87,31,197,622,96,245,197,27,362,303,694,469,193,658,898,107,412,993,447,77,102,177,154
Thu 13 Oct 2016,396,300,317,153,,754,511,131,164,93,51,185,735,169,338,351,45,499,457,1010,739,332,948,1403,150,560,1604,661,116,165,207,185
Fri 14 Oct 2016,337,222,229,117,,604,353,111,137,96,29,163,621,123,276,164,30,351,311,747,466,207,659,884,75,443,975,501,61,95,169,163
Sat 15 Oct 2016,115,81,196,97,,247,141,48,51,77,22,56,251,158,170,273,28,110,140,238,303,160,411,669,51,132,825,371,128,150,63,74
Sun 16 Oct 2016,288,108,397,208,,347,318,45,74,88,34,52,329,291,377,552,35,304,441,608,889,477,856,1132,122,211,1361,754,177,437,102,101
Mon 17 Oct 2016,418,266,246,109,,754,501,98,164,98,48,172,649,123,301,260,41,472,460,982,665,271,810,1240,133,511,1313,534,98,107,176,176
Tue 18 Oct 2016,451,327,337,183,,822,517,121,196,78,64,193,802,169,369,374,32,508,511,1107,791,335,900,1340,184,555,1604,632,126,184,201,188
Wed 19 Oct 2016,385,308,280,119,,811,477,121,169,98,66,186,765,181,369,374,61,460,449,1004,685,281,899,1270,157,530,1379,631,78,146,167,150
Thu 20 Oct 2016,374,266,257,132,,686,445,99,159,76,33,196,649,149,308,363,41,407,367,892,570,250,830,1152,108,520,1268,511,60,129,184,176
Fri 21 Oct 2016,280,213,232,104,,547,331,112,152,86,40,158,593,121,344,318,49,350,302,695,480,255,753,981,111,403,1046,541,85,126,158,147
Sat 22 Oct 2016,235,99,310,213,,276,323,44,75,81,39,54,340,263,317,709,59,238,396,513,634,511,1022,1341,110,183,1502,832,147,289,94,106
Sun 23 Oct 2016,285,82,410,150,,258,400,28,60,89,26,50,301,261,282,836,32,314,498,599,932,795,1068,1455,147,150,1758,901,183,321,80,78
Mon 24 Oct 2016,325,106,420,130,,267,392,34,68,57,29,104,277,206,212,672,36,373,530,570,766,713,890,1092,91,156,1329,845,224,223,53,125
Tue 25 Oct 2016,202,153,132,81,,380,235,105,94,68,30,180,371,93,191,162,22,267,246,470,291,133,414,685,59,303,777,245,27,32,152,128
Wed 26 Oct 2016,316,221,243,136,,566,376,116,145,83,34,169,584,138,283,309,48,396,366,810,516,181,779,976,88,450,1066,534,76,88,196,153
Thu 27 Oct 2016,434,277,296,148,,689,456,118,169,106,45,183,704,134,359,421,47,472,444,931,617,261,928,1249,145,473,1334,617,95,119,181,179
Fri 28 Oct 2016,379,247,329,119,,639,389,103,161,99,38,156,684,138,333,309,56,417,389,762,544,244,1036,1101,117,449,1199,806,78,107,172,150
Sat 29 Oct 2016,240,116,336,182,,308,297,58,75,80,51,59,312,195,355,674,45,206,289,459,598,417,819,1117,111,228,1320,683,175,302,104,115
Sun 30 Oct 2016,249,99,286,187,,320,278,32,75,76,19,64,347,236,305,915,68,294,448,678,907,550,699,954,158,181,1062,601,354,383,80,156
Mon 31 Oct 2016,378,263,203,118,,636,403,84,158,110,40,188,558,117,296,383,32,447,408,841,586,290,735,1108,157,448,1209,476,52,63,160,162
Tue 1 Nov 2016,412,317,330,141,,698,449,101,179,71,69,87,707,127,350,505,41,486,527,1018,707,292,957,1351,147,527,1518,637,81,160,192,194
Wed 2 Nov 2016,362,238,247,97,,646,414,110,166,105,39,106,690,150,343,357,45,453,423,904,584,223,856,992,142,421,1115,575,61,84,171,190
Thu 3 Nov 2016,393,305,318,170,,698,469,121,167,93,37,95,702,148,401,451,29,463,443,948,721,265,1028,1319,138,483,1442,676,82,154,202,183
Fri 4 Nov 2016,309,232,251,105,,545,351,88,137,91,46,89,592,134,297,277,34,380,358,761,451,234,837,971,89,422,994,578,58,131,176,152
Sat 5 Nov 2016,191,95,306,226,,253,253,60,86,104,52,40,316,277,358,713,44,253,294,447,598,349,798,1172,111,206,1356,665,105,343,141,86
Sun 6 Nov 2016,271,96,399,190,,287,363,30,76,86,25,42,298,164,270,681,24,296,392,541,806,568,878,1107,132,162,1257,738,159,323,99,100
Mon 7 Nov 2016,256,197,137,64,,470,272,103,106,93,10,90,438,76,176,194,27,324,268,571,334,118,503,688,76,344,705,290,54,24,126,113
Tue 8 Nov 2016,324,216,169,103,,542,348,117,126,81,17,84,533,104,274,244,23,388,374,689,420,161,638,830,92,418,856,423,74,93,175,166
Wed 9 Nov 2016,410,298,356,165,,756,533,120,158,129,48,90,711,189,450,510,36,550,488,1110,753,290,1090,1417,169,513,1522,698,81,163,210,192
Thu 10 Nov 2016,405,292,318,148,,724,465,106,172,87,45,103,654,158,351,461,34,488,434,940,720,288,945,1252,141,507,1380,623,90,162,190,203
Fri 11 Nov 2016,324,256,277,120,,619,352,115,127,119,37,195,608,139,287,364,52,395,370,716,490,274,897,1047,93,437,1176,586,68,128,187,186
Sat 12 Nov 2016,167,84,204,198,,210,189,43,60,68,29,53,272,207,328,426,60,166,183,356,445,179,551,842,77,168,999,409,94,241,85,95
Sun 13 Nov 2016,242,104,629,219,,256,333,37,68,91,25,56,317,273,566,691,44,299,441,578,830,486,968,1154,125,152,1388,857,219,446,85,122
Mon 14 Nov 2016,384,291,236,113,,651,436,101,167,114,38,216,664,143,328,351,26,500,470,968,656,280,898,1277,130,487,1349,558,111,134,179,190
Tue 15 Nov 2016,299,207,132,77,,419,253,86,112,77,21,173,437,71,192,151,17,300,264,552,350,120,487,746,67,290,811,328,24,40,148,142
Wed 16 Nov 2016,320,238,259,97,,545,332,110,119,106,33,192,543,113,270,312,48,399,343,711,454,181,832,987,81,377,1063,424,91,94,171,187
Thu 17 Nov 2016,305,190,162,85,,496,268,88,119,77,28,153,451,87,224,219,24,318,300,568,335,160,604,783,74,314,887,403,33,56,142,132
Fri 18 Nov 2016,344,231,307,135,,577,380,98,126,100,63,160,541,150,324,385,31,433,414,759,542,253,946,1219,150,412,1283,700,56,134,182,154
Sat 19 Nov 2016,137,81,251,170,,222,173,44,56,64,36,44,263,254,280,500,27,116,124,333,461,151,542,782,60,106,944,383,33,370,77,77
Sun 20 Nov 2016,266,94,430,137,,280,297,34,66,78,36,63,307,201,262,486,27,269,383,538,744,380,932,1128,91,159,1269,631,166,314,88,118
Mon 21 Nov 2016,401,304,289,107,,673,467,83,185,105,58,188,668,165,362,440,55,515,494,1054,664,318,963,1335,133,477,1383,661,122,166,201,176
Tue 22 Nov 2016,426,345,384,170,,711,508,103,215,109,51,222,805,168,381,540,34,571,548,1100,842,367,1137,1578,148,514,1758,760,110,231,203,199
Wed 23 Nov 2016,389,327,337,158,,723,495,95,224,97,55,221,731,147,391,515,39,503,502,1041,674,315,1091,1435,146,482,1515,704,93,169,195,227
Thu 24 Nov 2016,378,301,365,132,,696,484,116,172,81,64,188,751,163,324,497,43,489,468,1000,687,303,1073,1428,162,510,1581,710,108,128,184,202
Fri 25 Nov 2016,256,177,148,74,,416,237,89,107,93,22,164,399,95,236,220,56,278,239,510,294,135,567,719,67,323,810,382,28,50,147,165
Sat 26 Nov 2016,203,106,270,159,,274,246,40,72,70,38,75,302,177,232,604,90,211,296,385,512,399,766,1071,86,183,1336,586,163,224,92,93
Sun 27 Nov 2016,193,77,203,109,,235,179,44,63,81,20,56,248,158,182,403,19,151,197,311,337,297,535,714,46,152,829,419,112,189,58,91
Mon 28 Nov 2016,359,268,214,97,,575,425,92,152,86,30,173,573,120,267,265,30,459,431,856,520,191,791,965,111,441,1026,638,116,62,180,184
Tue 29 Nov 2016,420,322,339,142,,710,469,95,176,104,43,196,642,150,358,473,37,501,473,973,677,262,1057,1326,150,465,1469,731,85,158,215,173
Wed 30 Nov 2016,389,290,312,123,,683,445,98,176,92,83,203,675,198,403,407,69,489,460,954,635,251,1016,1215,146,476,1234,614,82,146,185,220
Thu 1 Dec 2016,398,306,328,144,,687,512,105,175,92,72,187,662,174,332,424,30,575,853,955,710,263,1015,1421,156,467,1631,658,131,139,193,194
Fri 2 Dec 2016,316,258,302,111,,601,324,96,139,102,45,175,546,137,297,338,49,423,412,802,555,217,1000,1052,116,388,1186,719,81,109,199,188
Sat 3 Dec 2016,215,107,388,191,,293,259,41,86,100,31,77,298,228,301,643,50,198,261,466,628,362,877,1244,118,164,1494,697,158,267,106,126
Sun 4 Dec 2016,272,80,403,150,,282,311,35,77,75,17,55,316,175,294,752,28,300,336,503,796,476,962,1375,106,181,1593,851,185,282,94,146
Mon 5 Dec 2016,440,307,253,107,,665,508,100,193,111,43,227,673,157,276,442,28,550,529,1070,655,266,1033,1317,143,481,1447,663,85,108,189,208
Tue 6 Dec 2016,453,350,371,138,,727,517,71,182,111,61,210,706,163,344,605,23,611,585,1110,839,292,1221,1627,157,500,1887,846,113,210,210,267
Wed 7 Dec 2016,393,310,318,149,,728,458,104,167,105,45,236,731,159,373,391,34,518,456,1067,736,274,997,1284,127,480,1423,726,108,155,206,220
Thu 8 Dec 2016,218,146,162,139,,392,171,86,86,90,13,141,364,67,271,170,24,250,223,435,235,59,446,613,58,241,679,265,45,42,127,127
Fri 9 Dec 2016,319,263,321,119,99,609,341,97,144,116,44,181,578,136,298,376,62,398,342,747,558,194,992,1130,117,350,1266,704,71,137,172,188
Sat 10 Dec 2016,73,82,237,187,39,172,71,45,45,71,27,64,208,131,255,316,54,110,115,218,281,166,448,631,56,106,789,310,55,145,61,76
Sun 11 Dec 2016,210,84,319,163,122,266,224,23,63,81,2,59,293,117,180,321,40,194,234,381,549,236,623,701,106,129,860,528,117,218,73,79
Mon 12 Dec 2016,314,245,217,108,28,561,338,98,139,89,23,171,543,89,307,266,27,417,395,788,463,122,733,913,105,378,973,600,54,57,168,140
Tue 13 Dec 2016,450,341,341,141,25,714,476,87,167,126,50,217,688,153,356,530,34,551,541,940,730,220,1020,1374,197,467,1539,798,98,156,201,243
Wed 14 Dec 2016,370,276,279,143,38,646,402,97,159,117,42,206,682,176,311,377,53,457,455,952,554,147,937,1192,105,411,1308,564,55,135,193,210
Thu 15 Dec 2016,390,293,278,138,33,627,405,112,157,89,47,199,616,154,270,339,75,414,378,745,537,150,891,1131,121,418,1278,686,73,128,164,209
Fri 16 Dec 2016,340,228,307,115,49,541,337,80,128,99,39,197,547,119,292,299,46,365,334,710,432,174,985,1020,122,342,1152,752,53,127,166,198
Sat 17 Dec 2016,256,119,408,181,101,331,288,35,82,74,39,58,374,194,370,650,46,241,290,359,758,302,987,1255,99,193,1381,858,150,306,80,120
Sun 18 Dec 2016,237,125,394,149,112,353,270,37,61,87,18,73,348,220,293,935,26,203,256,437,727,281,909,1249,182,182,1499,898,210,358,88,127
Mon 19 Dec 2016,340,265,242,107,24,585,345,69,154,88,48,203,594,101,230,260,59,441,398,882,486,194,769,1004,84,370,1120,566,67,92,169,165
Tue 20 Dec 2016,510,293,380,148,42,713,534,104,191,106,69,191,729,168,291,431,61,534,577,1010,783,348,1202,1819,154,440,2234,979,182,224,213,270
Wed 21 Dec 2016,373,285,322,147,34,671,425,94,160,98,102,213,626,154,242,458,84,435,415,937,668,374,1053,1413,142,375,1578,840,111,148,174,214
Thu 22 Dec 2016,312,256,327,143,47,545,323,87,145,102,40,180,553,140,186,388,33,389,352,683,531,215,896,1177,159,350,1380,808,97,135,156,196
Fri 23 Dec 2016,219,146,239,112,17,343,227,52,86,93,14,91,430,82,223,277,40,255,242,455,343,160,657,783,74,233,821,746,66,102,103,127
Sat 24 Dec 2016,123,83,231,179,69,192,152,31,45,68,18,38,231,160,225,463,65,87,148,248,399,209,468,659,79,124,854,372,98,223,64,64
Sun 25 Dec 2016,68,24,169,155,19,96,85,19,37,55,12,20,113,89,221,187,12,76,124,170,226,173,337,513,32,54,645,408,130,62,42,42
Mon 26 Dec 2016,183,50,317,110,69,172,198,17,36,64,22,28,195,118,253,462,36,215,318,369,522,571,665,949,92,87,1082,868,194,214,65,64
Tue 27 Dec 2016,249,82,347,147,76,228,321,18,51,68,20,32,254,159,251,557,72,293,439,479,588,639,1043,1425,93,106,1515,944,234,242,82,56
Wed 28 Dec 2016,233,108,234,148,75,287,230,39,57,68,23,43,301,143,233,380,78,208,246,442,519,385,685,858,90,149,998,640,209,151,96,74
Thu 29 Dec 2016,238,86,283,147,50,273,230,19,54,84,18,45,264,116,237,474,37,258,354,402,476,500,684,856,98,159,999,682,172,188,80,89
Fri 30 Dec 2016,270,91,320,117,17,229,252,36,61,87,29,52,259,126,203,532,47,244,328,504,596,532,914,1165,100,154,1333,780,176,179,81,90
Sat 31 Dec 2016,203,69,250,186,51,203,238,21,61,59,18,49,221,167,254,588,68,252,310,453,669,477,916,1038,116,130,1239,763,229,257,57,83
