Date,Beach Road Cyclists,Carlton Gore Cycle Counter Cyclists,Curran Street Total,Dominion Road (near View Rd) Total Cyclists,East_Coast_Road Cyclists,Glen Innes (Te Ara ki Uta ki Tai),Grafton Bridge Cyclists,Grafton Gully Cyclists,Grafton Road Cyclists,Great North Road Cyclists,Great South Road Total,HighBrook Cyclists,Hopetoun Street Cyclists,Karangahape Road Cyclists,Lagoon_Drive Cyclists,Lake Road Total,Mangere Bridge Cyclists,Mangere Safe Routes Cyclists,Matakana Cyclists,Nelson Street Cyclists,Nelson Street Lightpath Counter Cyclists,NW Cycleway Kingsland Cyclists,NW Cycleway TeAtatu Cyclists,Oceanview Rd Waiheke Cyclists,Orewa Path Cyclists,Ormiston Rd Total Cyclists,Pukekohe - Queen St Cyclists,Quay Street Spark Arena Total,Quay Street Totem Cyclists,Saint Lukes Rd Total,SH20 Dominion Road Cyclists,Symonds St Total,Tamaki Drive Total,TeWero Bridge Bike Counter Cyclists,Twin Streams Cyclists,Upper Harbour New Cyclists,Upper Queen Street Cyclists,Victoria Street West Total Cyclists,Waterview SP Unitec
Sun 1 Jan 2017,175,46,204,,17,26,160,225,22,48,71,15,19,214,114,165,471,43,,228,317,397,449,,620,,,1063,794,,88,108,1245,771,171,173,49,51,
Mon 2 Jan 2017,172,51,164,,21,36,162,226,37,39,74,13,28,204,115,197,374,39,,169,296,241,444,,540,,,814,618,,106,110,956,736,122,163,42,53,
Tue 3 Jan 2017,157,59,158,,87,42,127,136,19,50,63,19,29,193,110,136,289,25,,113,171,234,310,,435,,,666,444,,58,102,823,634,99,188,64,55,
Wed 4 Jan 2017,250,162,180,,164,15,331,251,42,74,87,22,51,343,95,303,275,43,,217,281,419,442,,421,,,762,592,,86,188,853,580,159,174,75,78,
Thu 5 Jan 2017,331,162,384,,134,35,388,314,52,89,96,24,60,411,152,298,514,47,,290,408,643,582,,601,,,1294,992,,137,272,1476,907,218,287,103,89,
Fri 6 Jan 2017,340,150,358,,150,44,397,324,46,90,86,20,57,405,94,293,468,41,,251,364,528,689,,270,,,1131,944,,123,251,1363,893,240,190,91,81,
Sat 7 Jan 2017,256,73,331,,132,45,289,302,18,76,78,12,39,317,213,289,698,47,,236,313,430,603,,293,,,1367,938,,92,163,1475,905,275,298,86,70,
Sun 8 Jan 2017,210,126,291,,41,51,235,267,18,53,75,11,43,262,179,178,599,22,,229,365,445,544,,332,,,963,754,,98,139,1107,760,264,359,72,101,
Mon 9 Jan 2017,416,220,271,,185,44,523,417,47,116,86,48,143,574,109,308,478,58,,443,462,912,684,,359,,,1118,783,,148,376,1186,679,263,110,131,167,
Tue 10 Jan 2017,414,250,316,,167,31,596,454,73,131,97,59,155,597,159,221,494,80,,493,509,881,609,,267,,,1288,859,,144,429,1423,787,138,162,142,143,
Wed 11 Jan 2017,415,231,402,,164,53,575,473,85,146,105,70,149,618,195,290,496,62,,457,462,899,587,,163,,,1357,1048,,115,408,1473,888,154,176,143,164,
Thu 12 Jan 2017,453,274,438,,77,63,643,545,106,169,106,61,159,696,177,275,624,50,,506,529,1020,759,,160,,,1464,1030,,146,455,1691,1035,217,202,166,171,
Fri 13 Jan 2017,312,211,305,,177,25,486,356,67,131,90,41,143,508,130,185,366,59,,328,348,658,445,,352,,,1010,811,,80,329,1096,905,197,80,141,115,
Sat 14 Jan 2017,258,118,466,,142,29,326,305,40,80,91,40,62,377,244,297,696,53,,208,298,528,793,,790,,,1482,1068,,105,188,1719,906,250,289,85,96,
Sun 15 Jan 2017,204,69,322,,106,51,214,272,25,58,82,12,37,279,141,205,663,21,,177,299,402,602,,558,,,1101,753,,82,140,1268,1093,123,282,66,59,
Mon 16 Jan 2017,478,294,296,,215,28,707,560,67,186,94,34,190,729,151,267,485,51,,550,556,1110,728,,390,,,1369,1014,,147,437,1427,781,191,105,187,221,
Tue 17 Jan 2017,449,310,382,,167,47,782,553,94,192,98,64,192,775,191,378,640,65,,619,625,1204,844,,463,,,1594,1214,,183,515,1785,984,196,161,180,210,
Wed 18 Jan 2017,477,285,356,,70,45,651,534,83,187,114,81,167,751,201,355,551,46,,528,549,1109,794,,544,,,1399,1134,,162,428,1553,962,194,172,207,223,
Thu 19 Jan 2017,338,221,236,,152,51,523,406,93,162,82,31,186,587,124,226,296,36,,448,423,819,539,,208,,,1043,817,,93,363,1177,1114,71,87,172,179,
Fri 20 Jan 2017,380,229,305,,180,26,542,384,76,145,106,49,166,579,378,277,397,33,,454,488,802,529,,389,,,1228,984,,114,370,1285,940,164,114,171,183,
Sat 21 Jan 2017,289,101,364,,177,51,253,300,34,74,84,32,59,336,299,324,843,41,,203,313,568,794,,630,,,1244,861,,128,180,1457,917,194,371,88,114,
Sun 22 Jan 2017,144,65,112,,143,39,153,167,26,39,61,14,42,212,102,133,283,26,,130,160,294,312,,360,,,472,349,,51,68,616,807,157,133,61,46,
Mon 23 Jan 2017,343,258,217,,243,48,598,401,85,139,81,36,192,531,109,226,269,20,,484,445,917,590,,324,,,1126,824,,97,407,1173,780,152,81,183,163,
Tue 24 Jan 2017,575,382,431,,188,47,840,594,91,178,105,71,241,772,156,326,666,47,,632,643,1258,917,,518,,,1711,1292,,149,491,1898,980,219,265,214,217,
Wed 25 Jan 2017,421,277,306,,135,47,676,485,81,164,93,69,232,678,138,262,483,38,,502,459,1018,649,,419,,,1255,1019,,110,480,1413,901,75,154,198,199,
Thu 26 Jan 2017,479,316,419,,169,52,705,519,92,171,118,52,183,721,127,357,548,29,,534,530,1120,777,,440,,,1445,1148,,142,446,1631,1059,173,197,205,211,
Fri 27 Jan 2017,406,271,377,,114,29,621,451,89,148,111,65,189,656,126,277,415,71,,475,454,933,671,,375,,,1385,1155,,155,371,1521,892,159,140,208,198,
Sat 28 Jan 2017,262,98,471,,179,47,286,271,38,79,88,29,68,374,221,353,787,45,,231,314,446,712,,603,,,1301,1172,,103,174,1505,886,226,291,73,133,
Sun 29 Jan 2017,298,103,358,,126,32,252,319,34,70,95,10,70,320,175,281,706,24,,312,372,568,755,,693,,,1481,1216,,146,139,1656,845,248,304,86,78,
Mon 30 Jan 2017,330,89,515,,108,38,292,396,33,88,75,21,50,355,196,320,825,47,,386,437,591,778,,697,,,1601,1397,,171,209,1863,1188,350,245,76,127,
Tue 31 Jan 2017,481,306,364,,148,28,605,523,90,183,101,51,227,763,172,286,562,62,,512,501,1109,754,,398,,,1504,1015,,153,473,1675,602,177,213,207,187,
Wed 1 Feb 2017,513,362,410,,162,19,578,582,96,185,106,66,236,786,171,443,549,47,,577,534,1331,814,,389,,,1737,1211,,174,555,2201,733,107,188,218,204,
Thu 2 Feb 2017,508,373,365,,156,12,582,537,117,199,107,57,230,770,180,355,580,52,,574,528,1229,855,,354,,,1583,1175,,180,542,1691,688,101,162,214,208,
Fri 3 Feb 2017,376,218,249,,114,15,229,372,76,115,95,47,205,516,120,306,370,53,,373,372,739,421,,348,,,1073,914,,112,339,1159,572,90,109,165,195,
Sat 4 Feb 2017,328,99,411,,82,33,281,375,30,65,88,49,76,371,309,379,901,92,,236,344,479,793,,583,,,1433,1070,,133,204,1742,807,241,399,94,104,
Sun 5 Feb 2017,269,102,421,,173,46,270,357,22,69,83,10,54,309,186,277,899,37,,261,351,583,925,,488,,,1420,999,,160,175,1729,799,213,344,58,108,
Mon 6 Feb 2017,301,99,562,,178,43,272,395,22,83,79,31,56,386,222,313,1007,60,,347,465,653,830,,446,,,1762,1207,,186,199,2062,970,270,345,82,77,
Tue 7 Feb 2017,506,323,324,,195,17,834,594,97,203,103,50,203,845,189,348,600,53,,602,545,1227,843,,411,,,1542,1044,,155,524,1775,624,124,174,198,191,
Wed 8 Feb 2017,478,329,293,,200,14,802,532,84,163,114,71,232,734,162,397,478,49,,621,590,1196,796,,274,,,1348,1255,,149,519,1491,776,83,129,223,193,
Thu 9 Feb 2017,451,286,318,,177,26,734,509,95,184,107,70,213,693,136,348,471,55,,507,504,1049,667,,356,,,1349,1068,,138,507,1450,688,105,125,170,183,
Fri 10 Feb 2017,464,330,389,,165,43,749,465,99,191,131,81,208,728,154,340,413,59,,567,488,1108,721,,338,,,1462,1167,,123,522,1588,805,88,148,217,211,
Sat 11 Feb 2017,315,161,431,,204,53,379,350,59,111,88,24,43,417,248,346,924,78,,269,364,672,745,,501,,,1427,1066,,127,268,1701,900,195,359,105,119,
Sun 12 Feb 2017,270,129,395,,206,93,314,334,41,81,105,33,50,391,237,248,843,37,,253,330,607,954,,600,,,1240,917,,134,151,1544,911,250,428,96,124,
Mon 13 Feb 2017,434,295,220,,119,10,707,479,95,155,108,62,214,633,157,240,326,51,,498,442,977,512,,262,,,1157,866,,111,481,1157,946,57,69,213,185,
Tue 14 Feb 2017,347,259,251,,146,13,629,403,105,135,95,76,203,560,131,276,327,39,,459,414,912,539,,196,,,1044,804,,113,364,1199,818,52,99,146,146,
Wed 15 Feb 2017,450,308,303,,76,27,761,517,100,172,104,82,221,712,163,355,479,61,,535,520,1134,705,,334,,,1399,1059,,163,499,1517,862,89,164,209,182,
Thu 16 Feb 2017,173,142,93,,108,5,340,206,60,61,105,20,138,272,64,111,145,21,,226,214,425,249,,49,,,637,452,,35,241,698,268,14,15,95,106,
Fri 17 Feb 2017,169,133,131,,113,11,345,183,77,56,85,29,149,334,72,140,166,39,,229,219,466,318,,140,,,563,445,,63,239,638,825,51,63,105,112,
Sat 18 Feb 2017,232,93,382,,189,35,273,261,35,77,103,20,66,317,211,331,717,132,,199,234,496,754,,484,,,1101,798,,135,196,1381,899,163,304,86,86,
Sun 19 Feb 2017,327,95,366,,156,54,294,360,39,73,108,34,66,308,270,280,782,55,,252,347,649,942,,534,,,1304,920,,163,166,1602,871,265,392,84,89,
Mon 20 Feb 2017,485,338,273,,139,18,764,555,102,177,131,59,248,707,146,334,530,47,,544,502,1264,818,,341,,,1472,924,,158,527,1502,980,103,149,178,194,
Tue 21 Feb 2017,551,398,388,,174,28,941,637,93,201,115,66,277,807,164,455,651,36,,612,614,1428,1029,,413,,,1688,1265,,181,541,1917,755,147,244,248,209,
Wed 22 Feb 2017,485,379,380,,160,28,896,585,100,191,103,69,225,829,174,430,551,92,,579,580,1270,854,,355,,,1589,1315,,183,522,1694,848,125,170,206,196,
Thu 23 Feb 2017,521,368,383,,169,26,833,582,95,207,100,60,222,830,145,377,511,52,,546,545,1190,775,,370,,,1558,1233,,172,529,1762,796,97,156,187,192,
Fri 24 Feb 2017,406,267,373,,103,20,747,430,99,171,110,48,214,715,133,348,393,71,,477,473,1033,653,,320,,,1283,1050,,143,495,1413,744,187,130,199,211,
Sat 25 Feb 2017,245,104,346,,201,48,293,268,36,84,90,37,74,375,231,306,716,64,,192,303,497,688,,517,,,1375,918,,125,228,1676,760,361,316,93,105,
Sun 26 Feb 2017,310,120,410,,106,48,327,399,31,88,89,26,66,334,205,275,849,46,,262,359,656,972,,663,,,1432,1067,,151,180,1692,845,282,340,104,108,
Mon 27 Feb 2017,503,349,307,,89,23,786,575,87,177,105,74,256,701,134,330,495,56,,573,548,1316,858,,403,,,1513,1088,,181,599,1662,659,128,107,196,203,
Tue 28 Feb 2017,511,411,460,,99,23,940,634,118,220,104,67,243,863,191,439,589,55,,652,613,1413,1069,,377,,,1746,1280,,172,655,1940,828,120,232,196,219,
Wed 1 Mar 2017,512,337,296,,162,11,837,574,106,182,96,69,285,818,138,484,542,90,,403,0,1145,871,,384,,,1339,1030,,186,545,1523,616,102,129,209,178,
Thu 2 Mar 2017,553,379,388,,189,25,844,629,110,190,101,52,248,856,142,457,516,70,,389,0,1177,902,,362,,,1572,1174,,187,587,1686,781,108,148,236,191,
Fri 3 Mar 2017,447,299,369,,125,18,755,469,89,188,109,47,236,793,131,482,440,53,,327,0,1058,715,,330,,,1484,1097,,161,530,1570,816,151,114,202,187,
Sat 4 Mar 2017,318,132,408,,190,44,311,349,36,92,71,31,84,405,252,465,677,76,,127,0,556,757,,519,,,1300,1017,,118,209,1479,903,209,330,95,118,
Sun 5 Mar 2017,291,127,316,,156,52,275,342,30,63,95,26,62,362,166,375,721,25,,148,0,600,797,,602,,,726,720,,106,219,876,576,251,294,88,98,
Mon 6 Mar 2017,696,375,325,,127,20,875,700,104,195,90,40,282,868,135,398,523,34,,407,0,1319,858,,453,,,1557,1058,,185,722,1714,666,154,140,241,210,
Tue 7 Mar 2017,547,361,293,,192,13,826,531,123,193,106,47,236,736,124,417,408,41,,320,0,1054,651,,276,,,1261,892,,113,583,1421,508,69,116,205,190,
Wed 8 Mar 2017,224,185,114,,153,15,459,265,84,88,89,41,157,425,74,178,185,26,,245,179,526,277,,52,,,614,439,,60,324,663,262,32,30,136,120,
Thu 9 Mar 2017,346,281,210,,165,14,697,415,117,147,104,25,232,636,91,289,342,52,,353,314,804,493,,116,,,832,694,,95,533,973,433,76,58,194,164,
Fri 10 Mar 2017,237,194,159,,100,8,482,308,97,109,100,24,137,423,78,264,232,41,,242,214,583,361,,60,,,651,465,,67,375,745,262,55,37,146,105,
Sat 11 Mar 2017,76,42,129,,214,9,141,93,34,33,70,19,47,183,68,158,184,59,,66,110,159,228,,239,,,411,303,,42,135,563,612,69,71,62,56,
Sun 12 Mar 2017,82,55,156,,174,23,140,103,25,51,62,9,39,171,87,154,248,21,,113,148,273,296,,148,,,333,309,,51,91,507,172,106,124,73,50,
Mon 13 Mar 2017,433,293,255,,132,18,707,545,121,156,96,32,181,616,128,395,412,54,,417,416,1030,691,,416,,,1248,808,,156,571,1315,546,95,112,203,179,
Tue 14 Mar 2017,529,441,373,,162,31,1021,645,111,187,107,62,228,843,128,539,612,54,,519,591,1249,877,,389,,,1524,1078,,148,718,1742,673,85,186,239,202,
Wed 15 Mar 2017,491,396,390,,138,20,931,593,127,195,111,48,250,826,174,503,566,54,,537,614,1198,853,,362,,,1485,1103,,171,639,1531,748,135,183,228,208,
Thu 16 Mar 2017,497,389,378,,134,27,956,654,131,197,140,54,213,875,163,439,482,67,,539,665,1252,825,,416,,,1600,1052,,168,630,1647,677,162,184,233,235,
Fri 17 Mar 2017,427,316,347,,103,24,814,456,121,147,124,49,187,741,149,399,393,60,,462,539,1021,668,,339,,,1252,977,,137,581,1312,693,114,110,202,191,
Sat 18 Mar 2017,260,120,330,,144,51,302,321,40,63,104,40,80,388,221,389,694,60,,203,392,578,720,,474,,,1215,929,,102,202,1458,750,199,289,83,87,
Sun 19 Mar 2017,373,125,510,,111,78,343,426,38,66,66,28,74,339,262,417,901,30,,281,538,742,1146,,701,,,1535,1157,,121,241,1653,1037,499,418,81,88,
Mon 20 Mar 2017,490,352,280,,108,38,827,630,125,163,102,54,233,742,138,418,442,36,,505,574,1173,766,,341,,,1396,965,,171,634,1519,592,156,109,220,171,
Tue 21 Mar 2017,489,363,352,,160,26,919,592,127,179,106,60,206,862,143,512,532,50,,553,566,1226,792,,333,,,1394,1010,,146,627,1630,655,173,154,218,190,
Wed 22 Mar 2017,476,372,338,,63,25,888,566,113,200,102,60,239,846,137,556,489,33,,545,577,1139,767,,350,,,1462,1054,,166,620,1546,652,131,190,217,211,
Thu 23 Mar 2017,445,375,335,,54,15,799,525,115,195,101,52,215,782,161,430,439,30,,575,525,1092,714,,323,,,1389,1031,,169,613,1592,694,137,118,204,194,
Fri 24 Mar 2017,416,320,337,,140,18,820,469,129,159,113,48,202,770,117,451,411,51,,497,538,988,676,,344,,,1333,1055,,142,534,1443,733,125,156,210,193,
Sat 25 Mar 2017,290,151,360,,144,37,345,311,47,98,78,28,81,397,210,375,827,66,,213,445,585,780,,403,,,1149,873,,165,215,1324,719,173,285,114,127,
Sun 26 Mar 2017,194,101,201,,127,49,208,237,42,50,75,13,58,252,132,238,443,56,,176,267,360,455,,257,,,697,558,,68,119,863,495,54,191,61,85,
Mon 27 Mar 2017,334,265,232,,156,9,638,448,120,133,93,32,189,600,90,344,328,45,,408,387,809,491,,248,,,1008,711,,136,508,1021,436,158,81,159,122,
Tue 28 Mar 2017,436,393,345,,145,25,900,560,122,168,113,56,243,818,120,512,473,52,,504,501,1156,812,,319,,,1441,975,,147,595,1654,645,200,196,199,178,
Wed 29 Mar 2017,208,143,108,,183,16,317,265,94,69,76,32,127,309,73,253,161,17,,217,221,420,289,,78,,,580,401,,68,252,619,243,27,50,111,84,
Thu 30 Mar 2017,456,373,320,,155,18,888,594,111,190,118,51,213,822,145,487,471,63,,528,510,1154,754,,281,,,1404,997,,151,612,1611,629,115,166,194,163,
Fri 31 Mar 2017,468,332,327,,81,15,747,545,112,34,100,59,171,675,129,491,449,53,,509,484,985,661,,331,,,1368,1070,,133,554,1514,764,94,116,192,162,
Sat 1 Apr 2017,295,159,369,,103,37,307,347,45,83,88,31,74,369,213,474,760,87,,207,339,534,772,,512,,,1559,909,,151,203,1572,698,226,388,90,91,
Sun 2 Apr 2017,263,82,371,,176,51,229,285,34,61,76,25,50,316,187,311,737,34,,231,387,485,771,,476,,,1283,776,,133,151,1237,625,180,309,65,85,
Mon 3 Apr 2017,434,315,292,,134,29,764,546,114,156,108,49,203,660,121,381,415,42,,510,553,1057,663,,237,,,1527,891,,123,553,1343,602,70,91,203,169,
Tue 4 Apr 2017,229,207,135,,72,3,497,314,89,93,95,35,159,389,357,231,202,20,,295,319,655,431,,71,,,881,490,,60,318,835,280,39,46,139,127,
Wed 5 Apr 2017,209,191,135,,71,3,412,274,86,89,71,28,167,385,58,190,164,22,,253,288,554,359,,135,,,733,381,,61,308,669,306,36,65,138,83,
Thu 6 Apr 2017,411,339,349,,160,17,782,480,111,145,90,57,229,721,124,429,372,47,,460,482,977,634,,242,,,1437,834,,121,548,1341,597,60,106,192,176,
Fri 7 Apr 2017,313,287,287,,113,6,716,380,119,122,96,52,185,579,127,423,328,49,,408,402,857,504,,221,,,1302,808,,93,484,1265,638,40,104,180,164,
Sat 8 Apr 2017,260,125,415,,166,36,321,310,47,83,93,43,71,368,229,407,786,53,,269,478,617,857,,482,,,1323,1035,,122,207,1639,996,265,273,102,140,
Sun 9 Apr 2017,359,117,422,,108,41,308,353,46,67,82,8,56,334,198,387,729,24,,255,420,603,996,,501,,,1384,1033,,119,199,1617,1006,181,369,69,87,
Mon 10 Apr 2017,552,334,318,,121,33,809,616,120,163,112,54,227,732,147,381,456,36,,514,614,1207,811,,309,,,1433,992,,182,634,1554,906,64,96,194,159,
Tue 11 Apr 2017,479,368,316,,157,23,940,554,105,177,97,53,212,754,127,483,467,36,,525,634,1171,811,,275,,,1282,915,,155,605,1563,900,92,134,220,218,
Wed 12 Apr 2017,204,188,105,,117,7,439,267,85,92,91,44,172,383,95,292,179,11,,281,276,506,354,,52,,,696,421,,48,318,788,252,31,40,132,104,
Thu 13 Apr 2017,142,114,84,,144,1,297,154,82,58,93,20,124,245,62,160,123,29,,168,155,353,226,,52,,,457,240,,35,243,512,170,31,11,96,80,
Fri 14 Apr 2017,253,85,453,,119,41,231,293,14,62,53,21,56,279,133,353,668,38,,260,517,462,557,,856,,,1086,865,,118,142,1354,976,164,227,79,66,
Sat 15 Apr 2017,182,81,259,,155,13,212,192,19,48,54,47,46,295,148,265,504,42,,182,296,327,447,,505,,,917,666,,113,130,1061,608,101,178,64,77,
Sun 16 Apr 2017,244,66,361,,42,30,223,328,13,57,74,33,44,239,146,287,752,27,,290,617,512,812,,616,,,1177,858,,97,134,1399,860,208,367,52,86,
Mon 17 Apr 2017,267,77,399,,123,29,240,348,24,63,72,15,48,238,120,285,685,47,,308,520,443,509,,663,,,1115,972,,125,165,1285,1022,151,248,70,83,
Tue 18 Apr 2017,437,286,329,,146,27,663,446,75,144,112,38,193,572,148,353,498,43,,526,649,956,718,,466,,,1314,1001,,139,435,1469,900,116,127,189,158,
Wed 19 Apr 2017,404,320,356,,135,27,792,465,73,169,92,59,189,732,151,453,535,22,,515,622,1047,712,,398,,,1465,1072,,137,486,1615,890,148,137,176,187,
Thu 20 Apr 2017,405,324,323,,121,25,719,467,88,166,82,42,195,648,127,357,393,44,,458,573,876,580,,244,,,1291,905,,157,441,1466,648,82,120,162,164,
Fri 21 Apr 2017,344,225,287,,100,29,569,360,87,150,86,30,194,592,101,304,349,49,,394,408,821,574,,306,,,1134,937,,131,402,1192,712,137,128,159,150,
Sat 22 Apr 2017,195,99,357,,179,30,288,220,46,89,87,30,71,335,240,381,840,72,,256,493,476,714,,493,,,1073,1031,,165,210,1083,1166,196,299,92,122,
Sun 23 Apr 2017,281,100,341,,55,31,253,369,35,62,76,23,71,297,184,326,867,32,,318,499,614,808,,543,,,1179,966,,140,186,1248,765,262,359,94,94,
Mon 24 Apr 2017,396,247,238,,133,28,590,374,69,132,95,29,160,562,107,274,512,46,,419,551,806,681,,458,,,1174,950,,109,409,1262,632,139,114,136,135,
Tue 25 Apr 2017,400,159,644,,104,68,531,437,26,101,84,23,52,440,206,477,1121,40,,432,769,787,1094,,985,,,1874,1431,,151,251,2299,700,360,339,99,110,
Wed 26 Apr 2017,408,288,271,,135,18,774,478,73,163,101,36,199,666,130,357,438,19,,586,614,1047,748,,371,,,1389,1084,,133,506,1541,800,167,117,200,185,
Thu 27 Apr 2017,412,281,327,,132,15,698,486,98,175,96,50,176,691,141,368,472,44,,541,589,955,716,,401,,,1407,965,,152,471,1626,722,121,144,207,200,
Fri 28 Apr 2017,390,249,332,,121,25,675,365,88,172,102,37,200,646,128,346,405,49,,532,614,877,632,,397,,,1391,1031,,114,440,1501,796,104,119,154,207,
Sat 29 Apr 2017,57,44,115,,52,2,148,61,33,37,80,17,59,170,103,153,319,67,,77,85,174,263,,73,,,391,270,,55,129,458,148,41,120,48,48,
Sun 30 Apr 2017,126,64,136,,144,11,147,119,28,43,83,11,45,199,92,220,315,28,,124,185,235,294,,258,,,493,399,,86,102,600,336,123,157,59,46,
Mon 1 May 2017,397,326,216,,23,13,764,516,111,149,94,45,223,651,124,366,336,44,,508,528,1047,621,,238,,,1202,848,,142,504,1272,812,55,54,180,153,
Tue 2 May 2017,447,408,358,,93,21,871,545,98,173,112,64,187,766,131,465,445,36,,603,599,1148,776,,317,,,1495,928,,154,577,1650,823,77,147,207,184,
Wed 3 May 2017,416,383,259,,91,15,769,485,88,142,86,59,195,681,129,489,404,42,,513,530,1005,651,,290,,,1225,901,,151,526,1345,676,61,115,190,159,
Thu 4 May 2017,337,308,216,,84,10,720,430,94,137,94,34,188,619,87,350,312,30,,467,480,904,534,,187,,,972,755,,115,460,1111,622,76,72,159,158,
Fri 5 May 2017,351,284,270,,165,14,705,374,107,147,94,42,182,609,125,374,302,31,,442,443,846,534,,227,,,1028,807,,121,445,1113,763,77,83,183,167,
Sat 6 May 2017,190,122,410,,192,26,366,237,24,91,85,39,83,374,201,350,897,42,,265,468,566,753,,621,,,1185,944,,149,195,1443,961,166,337,85,114,
Sun 7 May 2017,230,118,407,,206,61,302,366,34,81,92,25,45,364,229,381,915,29,,309,536,671,947,,731,,,1364,1017,,147,166,1594,762,216,410,85,78,
Mon 8 May 2017,436,352,235,,138,26,836,583,105,158,102,47,227,687,117,346,390,21,,582,631,1188,772,,255,,,1215,854,,134,565,1325,712,73,87,197,200,
Tue 9 May 2017,421,408,288,,171,23,891,494,105,176,89,46,213,761,141,470,442,27,,591,604,1082,768,,299,,,1392,962,,153,576,1526,1024,92,158,199,211,
Wed 10 May 2017,365,326,283,,162,10,795,463,105,156,90,47,218,692,136,475,311,27,,502,504,900,547,,252,,,1155,873,,148,540,1252,668,42,82,193,131,
Thu 11 May 2017,253,199,155,,128,12,462,281,94,102,85,16,166,392,69,219,232,45,,289,340,583,342,,70,,,794,511,,69,340,807,680,22,30,125,109,
Fri 12 May 2017,152,124,65,,57,4,257,183,86,56,78,16,106,264,45,152,93,30,,198,156,319,203,,48,,,464,283,,40,204,531,551,25,9,96,74,
Sat 13 May 2017,231,119,357,,184,24,293,248,35,76,92,41,60,319,231,393,650,28,,194,341,457,643,,455,,,1187,851,,131,218,1410,830,179,326,93,71,
Sun 14 May 2017,322,107,377,,162,41,253,332,26,71,107,13,61,321,181,352,864,36,,265,546,496,713,,725,,,1288,860,,103,158,1492,832,236,313,59,99,
Mon 15 May 2017,430,335,245,,134,20,744,529,101,145,100,45,207,668,119,365,327,41,,505,550,1067,699,,252,,,1139,783,,129,542,1192,817,62,92,171,162,
Tue 16 May 2017,391,314,258,,107,21,774,443,88,150,95,44,219,712,123,415,383,46,,529,564,1007,712,,245,,,1225,868,112,149,545,1413,686,64,109,177,150,
Wed 17 May 2017,216,172,129,,127,5,434,265,87,78,83,18,165,389,90,178,172,35,,253,281,484,278,,105,,,591,388,125,61,333,609,550,63,49,117,79,
Thu 18 May 2017,265,220,147,,117,9,544,289,107,95,88,32,155,479,90,233,221,50,,318,321,586,330,,77,,,738,490,145,84,361,757,555,31,28,145,130,
Fri 19 May 2017,307,252,227,,66,29,611,332,101,91,96,30,174,510,93,352,231,54,,345,357,703,426,,147,,,920,609,164,99,369,1005,640,45,71,176,134,
Sat 20 May 2017,92,78,128,,184,7,157,116,34,44,68,19,66,193,117,205,243,73,,69,110,220,328,,91,,,481,311,48,60,130,623,337,13,122,49,43,
Sun 21 May 2017,297,115,396,,151,51,296,315,23,73,128,16,44,334,205,353,850,32,,238,505,593,914,,750,,,1212,866,174,146,169,1439,738,192,328,80,108,
Mon 22 May 2017,426,355,250,,102,23,777,517,96,133,96,43,189,656,139,355,364,36,,519,543,1083,703,,234,,,1140,838,255,135,542,1190,652,57,114,186,150,
Tue 23 May 2017,459,332,306,,121,30,783,458,111,146,96,44,207,721,136,410,380,22,,500,525,959,610,,224,,,1260,904,219,118,546,1470,720,57,112,162,154,
Wed 24 May 2017,345,311,234,,155,22,718,417,106,137,98,33,168,602,130,401,307,48,,431,471,855,541,,234,,,993,735,182,92,459,1154,737,52,64,166,173,
Thu 25 May 2017,363,316,250,,135,34,772,437,119,150,102,51,201,660,114,371,352,47,,442,507,929,589,,241,,,1049,710,217,131,541,1178,656,82,89,182,174,
Fri 26 May 2017,342,251,266,,100,20,687,385,96,132,93,38,161,623,117,359,289,56,,434,454,788,485,,180,,,982,702,176,102,421,1056,547,52,77,170,155,
Sat 27 May 2017,152,101,238,,27,13,284,197,27,69,84,35,63,326,165,267,468,45,,173,325,400,482,,283,,,735,583,124,85,197,878,676,135,247,88,93,
Sun 28 May 2017,291,93,388,,47,25,272,315,32,58,89,8,47,314,196,355,782,72,,226,436,566,877,,551,,,1150,763,167,118,197,1397,784,171,364,63,52,
Mon 29 May 2017,433,316,198,,51,22,764,536,107,132,106,42,197,677,128,391,421,32,,521,524,1064,737,,232,,,1188,835,262,150,514,1275,707,78,87,192,146,
Tue 30 May 2017,443,331,279,,70,26,799,473,131,167,111,42,185,715,123,463,372,41,,539,556,1073,693,,286,,,1247,910,218,171,539,1460,716,80,142,162,188,
Wed 31 May 2017,351,296,189,,148,21,687,425,93,142,80,38,179,634,135,413,307,45,,461,494,829,505,,121,,,1027,746,170,110,463,1094,525,67,63,157,150,
Thu 1 Jun 2017,367,321,290,,130,12,792,412,97,138,73,45,171,652,133,392,346,44,,457,518,931,652,,207,,,1151,753,229,134,461,1318,648,67,110,205,141,
Fri 2 Jun 2017,196,159,168,,105,8,456,240,100,81,97,26,130,352,79,238,163,45,,254,261,479,286,,68,,,603,457,126,68,284,695,643,31,31,139,111,
Sat 3 Jun 2017,157,70,185,,160,23,213,171,29,42,59,31,37,249,110,204,421,51,,125,220,266,384,,263,,,619,437,86,69,165,725,717,105,184,69,75,
Sun 4 Jun 2017,327,101,389,,156,21,246,367,19,58,93,39,49,268,206,369,710,47,,279,585,576,808,,881,,,1217,960,138,106,120,1467,797,218,411,72,101,
Mon 5 Jun 2017,196,65,223,,117,45,177,221,27,36,41,28,35,206,98,218,495,30,,204,374,357,483,,678,,,879,594,128,73,132,981,738,200,219,54,66,
Tue 6 Jun 2017,403,302,214,,121,15,699,439,92,123,106,34,195,628,98,386,301,41,,381,175,837,517,,201,,,1073,717,180,89,473,1302,804,27,68,169,160,
Wed 7 Jun 2017,401,308,196,,162,43,719,444,85,137,77,45,214,627,129,420,286,40,,332,0,833,531,,197,,,1079,710,190,114,481,1184,630,56,85,198,149,
Thu 8 Jun 2017,435,323,245,,122,15,732,476,87,125,94,53,199,666,134,382,328,39,,341,0,907,584,,261,,,1148,803,214,122,486,1315,745,74,119,203,195,
Fri 9 Jun 2017,380,229,268,,82,24,636,388,98,285,91,41,190,659,125,414,349,36,,312,0,779,545,,232,,,1100,781,175,146,452,1255,770,46,103,189,163,
Sat 10 Jun 2017,173,102,233,,113,26,223,222,46,220,74,24,58,267,210,351,637,39,,80,0,354,440,,231,,,871,729,103,105,218,1049,1134,99,216,63,111,
Sun 11 Jun 2017,250,120,440,,108,27,251,317,27,179,115,20,50,318,217,354,905,42,,135,0,536,910,,697,,,1321,932,144,207,190,1634,1088,243,350,83,93,
Mon 12 Jun 2017,438,287,185,,84,10,708,464,87,355,98,37,217,647,108,349,308,23,,356,0,931,577,,218,,,1026,741,204,132,457,1066,565,48,75,211,144,
Tue 13 Jun 2017,356,330,174,,69,10,624,359,99,374,86,42,186,599,115,665,306,30,,338,0,741,475,,149,,,985,711,176,90,394,1134,842,41,72,192,159,
Wed 14 Jun 2017,311,287,163,,58,11,562,321,85,326,73,33,188,536,103,329,225,34,,271,0,659,335,,117,,,770,623,159,87,389,858,628,35,52,178,157,
Thu 15 Jun 2017,402,312,285,,108,11,706,464,87,345,139,55,200,686,149,360,369,75,,374,83,893,609,,248,,,1081,788,200,111,441,1290,586,52,105,216,166,
Fri 16 Jun 2017,309,233,226,,80,9,502,322,91,268,94,32,158,514,90,384,235,84,,356,312,705,439,,176,,,909,707,153,93,356,1037,554,63,80,191,181,
Sat 17 Jun 2017,199,97,348,,133,39,252,295,41,220,93,42,45,323,224,383,615,46,,159,307,429,566,,440,,,1131,731,106,132,216,1319,987,198,265,86,118,
Sun 18 Jun 2017,206,116,317,,97,28,234,279,24,178,92,22,37,311,195,373,612,34,,169,277,517,725,,367,,,965,674,160,151,123,1122,675,124,300,60,89,
Mon 19 Jun 2017,333,270,166,,92,37,661,391,97,311,97,39,169,562,101,341,299,28,,410,441,897,562,,216,,,941,727,205,124,372,998,557,56,67,183,150,
Tue 20 Jun 2017,413,332,277,,115,11,734,425,102,394,98,43,168,702,135,412,404,30,,470,503,994,655,,244,,,1247,875,242,138,409,1403,895,81,118,171,138,
Wed 21 Jun 2017,334,309,186,,71,13,667,359,98,282,99,36,167,593,124,329,280,39,,394,431,806,510,,190,,,940,688,181,159,421,1069,584,56,70,182,144,
Thu 22 Jun 2017,178,133,101,,26,1,335,189,80,197,89,24,123,310,80,134,154,20,,235,234,376,231,,55,,,481,339,91,37,217,518,232,21,18,120,74,
Fri 23 Jun 2017,213,147,163,,41,5,404,259,86,243,82,24,141,395,99,210,162,25,,289,300,589,343,,84,,,594,540,137,148,286,629,451,52,27,123,139,
Sat 24 Jun 2017,88,67,115,,64,7,152,101,35,188,81,22,59,220,96,191,247,40,,62,103,161,156,,137,,,428,348,52,58,112,572,256,15,145,59,38,
Sun 25 Jun 2017,138,77,267,,64,41,189,181,17,150,92,14,45,235,149,218,447,12,,109,232,309,558,,364,,,762,555,124,143,98,959,502,87,197,54,50,
Mon 26 Jun 2017,391,251,207,,85,12,602,443,89,296,107,35,181,594,112,332,350,29,,454,489,940,620,,238,,,1046,770,215,105,383,1102,543,78,96,149,119,
Tue 27 Jun 2017,395,266,301,,95,10,668,406,90,348,96,35,183,634,143,394,398,32,,491,539,935,718,,219,,,1129,903,217,148,431,1283,690,82,156,176,141,
Wed 28 Jun 2017,334,288,261,,99,10,673,372,107,319,92,44,191,606,130,417,308,37,,451,458,850,557,,245,,,1091,791,199,114,445,1271,601,62,103,157,145,
Thu 29 Jun 2017,303,292,237,,79,16,725,375,90,347,115,33,182,627,127,371,341,36,,448,472,846,568,,218,,,1104,863,200,99,429,1254,579,82,108,153,148,
Fri 30 Jun 2017,285,231,225,,65,19,540,324,75,300,99,44,165,515,115,335,288,31,,386,408,693,462,,221,,,956,797,178,83,353,1069,616,71,104,140,113,
Sat 1 Jul 2017,62,37,45,,34,5,116,63,33,108,66,7,35,155,85,106,161,22,,45,58,99,166,,55,,,245,147,39,38,121,343,140,23,93,49,34,
Sun 2 Jul 2017,125,84,214,,61,14,183,175,20,139,84,13,38,216,138,246,408,17,,154,259,357,530,,337,,,682,460,113,119,105,821,487,86,337,53,63,
Mon 3 Jul 2017,260,170,105,,44,14,407,306,73,230,81,26,145,369,80,198,198,18,,305,330,580,316,,90,,,699,474,111,84,273,692,332,34,37,121,91,
Tue 4 Jul 2017,345,253,225,,90,13,670,366,89,343,77,42,181,619,118,373,335,18,,443,447,858,575,,232,,,1163,815,202,122,420,1330,554,64,110,145,147,
Wed 5 Jul 2017,306,239,212,,57,9,538,308,75,320,74,42,162,539,103,306,328,13,,419,423,706,439,,213,,,918,697,169,138,315,987,530,46,72,132,109,
Thu 6 Jul 2017,257,184,206,,41,1,412,261,70,216,76,25,134,394,85,165,191,27,,325,346,520,290,,121,,,748,499,117,72,285,787,558,27,21,115,120,
Fri 7 Jul 2017,212,161,175,,42,10,530,228,81,239,78,20,129,390,72,183,218,30,,308,294,504,318,,128,,,712,623,100,77,260,755,448,34,49,107,108,
Sat 8 Jul 2017,128,67,232,,107,7,190,142,54,156,62,32,41,236,153,255,433,41,,108,182,344,375,,277,,,651,512,74,124,130,858,468,51,176,70,63,
Sun 9 Jul 2017,91,49,119,,54,5,232,102,16,101,60,6,46,150,65,121,185,6,,71,117,199,274,,163,,,410,271,77,49,88,501,655,42,138,51,29,
Mon 10 Jul 2017,297,218,183,,62,14,608,332,90,301,73,39,161,511,100,220,322,28,,438,468,730,466,,273,,,955,717,182,174,366,1010,600,62,79,114,143,
Tue 11 Jul 2017,324,185,225,,66,13,691,334,81,247,78,31,154,432,86,195,283,46,,427,506,765,498,,182,,,927,713,156,82,341,1023,623,76,104,115,125,
Wed 12 Jul 2017,193,174,165,,40,3,627,222,76,238,65,23,132,387,82,176,167,22,,321,327,488,296,,211,,,689,532,137,57,287,736,420,57,60,103,92,
Thu 13 Jul 2017,207,144,118,,48,2,554,194,83,189,66,21,115,327,68,145,120,10,,253,264,426,234,,109,,,571,407,89,41,223,670,300,23,76,100,77,
Fri 14 Jul 2017,147,120,116,,35,7,505,150,69,190,68,27,95,285,71,87,116,21,,207,208,336,203,,90,,,539,382,85,38,195,573,536,25,75,70,98,
Sat 15 Jul 2017,240,92,307,,130,23,191,271,35,213,69,34,34,270,214,326,605,27,,186,385,507,718,,572,,,1061,805,126,130,161,1228,800,158,175,68,102,
Sun 16 Jul 2017,221,78,279,,101,27,228,268,28,169,75,27,35,264,212,287,658,23,,206,437,477,864,,656,,,932,717,146,144,180,1164,633,183,255,45,62,
Mon 17 Jul 2017,356,220,210,,71,18,582,409,79,286,86,39,159,493,123,226,297,35,,426,454,785,557,,275,,,963,727,185,74,361,1041,598,92,79,149,115,
Tue 18 Jul 2017,335,217,222,,62,13,702,379,83,285,83,26,159,500,117,194,293,56,,404,491,729,538,,244,,,1031,678,165,97,355,1154,598,63,134,141,122,
Wed 19 Jul 2017,326,256,210,,83,13,640,421,71,335,85,40,159,517,156,277,311,232,,433,541,797,516,,260,,,927,724,213,105,394,1045,552,92,90,130,139,
Thu 20 Jul 2017,193,197,162,,51,5,522,210,80,201,88,29,121,365,79,140,143,21,,257,305,451,308,,58,,,609,429,102,57,261,769,351,27,66,110,104,
Fri 21 Jul 2017,139,96,56,,40,5,510,144,63,169,79,19,88,221,59,89,91,14,,156,155,256,150,,72,,,437,286,71,23,227,460,239,10,69,82,53,
Sat 22 Jul 2017,39,29,40,,21,1,176,34,14,91,47,3,33,129,39,62,72,23,,25,37,67,73,,35,,,193,155,26,15,80,277,136,21,154,44,16,
Sun 23 Jul 2017,218,80,280,,127,21,223,286,23,168,89,39,40,257,225,361,632,16,,147,293,576,874,,337,,,1001,541,135,155,133,1173,528,134,243,57,63,
Mon 24 Jul 2017,335,229,168,,73,12,568,403,93,279,89,33,149,552,90,297,282,32,,401,417,803,511,,201,,,878,635,191,99,425,931,471,78,82,147,121,
Tue 25 Jul 2017,274,265,107,156,60,8,632,329,87,334,89,30,163,565,109,269,262,18,,389,391,709,406,,167,,,929,664,166,90,437,1029,415,42,141,147,110,
Wed 26 Jul 2017,369,278,144,174,90,17,696,415,122,347,96,36,171,629,129,400,316,30,,447,457,874,557,,268,,,1113,718,210,115,476,1228,527,79,90,154,182,
Thu 27 Jul 2017,265,244,112,135,71,9,613,305,101,292,75,26,162,522,108,300,228,23,,358,359,613,365,,148,,,810,593,161,70,398,942,409,48,47,125,98,
Fri 28 Jul 2017,221,216,79,134,55,21,494,299,89,271,84,26,121,466,76,292,253,26,,275,319,581,336,,163,,,728,521,152,122,322,799,383,54,36,102,93,48
Sat 29 Jul 2017,102,99,298,71,138,24,242,225,28,236,98,34,63,319,213,359,577,39,,130,270,471,559,,526,,,954,665,126,135,186,1198,710,127,306,81,107,179
Sun 30 Jul 2017,236,101,355,74,138,27,263,270,37,188,89,8,46,300,186,318,651,11,,216,431,563,746,,708,,,1088,812,162,225,146,1319,804,145,295,62,56,274
Mon 31 Jul 2017,321,242,188,181,98,18,686,457,86,308,99,44,180,517,108,319,309,17,,441,410,842,561,,236,,,1125,753,211,139,471,1167,591,70,68,142,128,41
Tue 1 Aug 2017,369,267,257,190,106,10,698,448,99,315,90,51,181,616,130,330,367,41,,486,514,897,596,,233,,,1119,842,211,168,497,1219,622,54,96,126,141,47
Wed 2 Aug 2017,202,200,172,151,55,4,550,283,86,257,90,26,167,437,100,331,192,24,,328,345,600,346,,129,,,792,546,153,95,345,814,510,38,55,124,91,12
Thu 3 Aug 2017,231,233,152,153,53,4,635,311,98,292,87,32,162,570,78,266,288,49,,389,326,628,376,,75,,,748,572,192,92,426,785,566,52,54,144,117,30
Fri 4 Aug 2017,266,204,163,147,103,14,610,385,87,279,92,42,149,608,122,372,316,30,,404,397,816,564,,254,,,974,740,202,139,422,1125,610,66,91,146,119,47
Sat 5 Aug 2017,220,93,250,72,165,11,260,232,33,206,77,27,58,322,164,312,747,43,,197,230,449,647,,424,,,1065,816,115,212,200,1319,887,174,288,102,96,167
Sun 6 Aug 2017,131,75,270,43,82,15,170,151,25,155,92,18,49,225,163,247,461,13,,144,251,385,550,,399,,,722,503,116,142,122,937,640,88,202,50,44,117
Mon 7 Aug 2017,317,226,188,190,66,12,610,385,112,325,88,44,165,556,101,278,280,44,,401,422,790,459,,160,,,837,613,183,120,446,865,621,64,65,158,102,19
Tue 8 Aug 2017,323,266,193,154,95,8,663,418,113,310,84,37,166,614,93,333,296,31,,445,473,806,470,,189,,,1039,743,197,117,459,1169,669,56,105,153,117,18
Wed 9 Aug 2017,136,140,140,94,48,3,369,190,96,189,83,21,137,328,58,163,105,19,,223,229,408,221,,49,,,436,308,85,47,254,460,351,30,20,112,65,11
Thu 10 Aug 2017,280,233,193,210,73,13,588,349,102,318,88,28,160,550,86,295,269,46,,363,415,750,447,,141,,,925,626,194,112,440,971,484,46,51,155,102,18
Fri 11 Aug 2017,231,168,142,275,48,9,464,290,109,249,104,20,117,428,93,252,179,23,,298,330,571,294,,144,,,712,533,130,75,384,752,365,36,42,104,97,9
Sat 12 Aug 2017,83,80,229,107,114,10,226,128,34,172,62,33,37,279,167,267,446,50,,103,200,265,348,,216,,,641,466,101,136,142,847,426,70,197,67,72,62
Sun 13 Aug 2017,274,86,425,135,121,28,229,290,25,208,75,15,43,299,230,360,856,18,,247,403,553,891,,638,,,1202,805,182,228,159,1496,783,207,358,82,85,220
Mon 14 Aug 2017,271,214,154,346,68,15,615,402,93,289,86,38,172,532,84,226,247,37,,420,452,803,399,,182,,,896,595,179,97,396,977,422,55,45,130,100,24
Tue 15 Aug 2017,323,252,205,375,122,12,674,414,106,261,108,41,154,545,121,308,288,34,,442,464,768,437,,213,,,978,742,198,131,458,1138,492,58,95,150,138,22
Wed 16 Aug 2017,289,278,225,407,128,20,699,429,118,379,97,34,194,643,146,373,295,35,,444,473,875,585,,233,,,1115,799,208,146,514,1263,591,67,102,162,133,49
Thu 17 Aug 2017,227,235,192,328,85,6,624,298,106,315,76,19,157,552,80,307,284,38,,366,387,688,441,,160,,,838,610,183,95,494,986,513,42,63,126,118,15
Fri 18 Aug 2017,242,192,200,279,68,7,595,315,98,248,99,28,157,534,110,276,258,26,,328,363,637,419,,171,,,865,605,161,119,419,989,484,37,83,155,125,23
Sat 19 Aug 2017,77,58,190,109,77,28,228,125,36,141,60,21,40,231,159,184,461,47,,88,136,243,334,,223,,,650,448,75,111,158,845,373,93,114,60,64,52
Sun 20 Aug 2017,179,49,256,99,106,18,201,206,29,150,60,22,50,206,154,239,493,32,,115,234,367,403,,370,,,813,560,80,91,131,974,510,89,216,42,55,77
Mon 21 Aug 2017,334,271,222,408,115,13,672,439,90,283,105,50,174,624,96,336,315,32,,431,468,875,547,,245,,,1084,727,245,132,497,1144,553,67,89,178,124,30
Tue 22 Aug 2017,419,292,317,475,126,16,814,510,124,316,95,47,169,692,140,412,425,44,,554,582,1044,797,,254,,,1227,914,248,151,566,1395,673,67,155,188,155,47
Wed 23 Aug 2017,378,275,264,429,103,9,734,424,88,292,98,51,182,656,131,420,358,36,,454,436,911,616,,273,,,1189,925,212,147,508,1333,722,79,106,188,123,41
Thu 24 Aug 2017,380,269,277,416,96,10,714,501,102,294,99,51,191,646,141,349,359,33,,441,501,897,622,,229,,,1080,868,234,145,546,1254,650,66,87,171,128,32
Fri 25 Aug 2017,344,255,283,353,106,27,631,377,104,255,117,35,146,610,100,366,260,25,,406,441,842,568,,209,,,1148,889,230,105,481,1256,813,59,92,169,130,24
Sat 26 Aug 2017,212,132,307,169,175,37,286,250,30,179,92,43,62,323,197,392,621,63,,184,384,464,714,,312,,,1077,815,94,133,205,1276,784,169,341,85,103,118
Sun 27 Aug 2017,142,48,162,79,79,8,150,126,34,101,57,6,35,177,175,161,274,9,,90,131,245,471,,119,,,413,310,75,88,92,558,631,68,131,36,37,37
Mon 28 Aug 2017,275,181,138,296,59,5,511,334,92,221,80,22,174,450,77,221,173,15,,361,375,654,372,,158,,,763,533,179,105,374,784,645,60,57,142,114,9
Tue 29 Aug 2017,391,278,318,426,117,13,604,472,102,272,89,46,204,678,157,434,387,34,,510,563,989,687,,253,,,1214,904,211,139,496,1455,949,66,177,173,130,35
Wed 30 Aug 2017,232,202,148,225,53,9,331,252,89,176,91,41,135,384,92,254,205,22,,272,299,516,367,,57,,,804,531,128,90,275,928,535,49,62,130,98,12
Thu 31 Aug 2017,335,257,249,345,60,9,493,400,99,260,96,42,180,577,237,350,302,82,,463,469,798,568,,227,,,1005,739,189,130,458,1114,870,56,118,146,144,23
Fri 1 Sep 2017,299,223,262,337,94,19,515,316,97,228,97,44,167,561,107,355,259,37,,384,388,697,449,,247,,,992,764,159,100,413,1140,681,43,93,155,133,16
Sat 2 Sep 2017,61,44,76,71,47,11,125,69,56,101,83,8,49,143,84,127,158,23,,34,73,115,175,,197,,,351,268,40,44,95,440,254,44,67,79,31,34
Sun 3 Sep 2017,236,81,336,126,129,24,271,292,34,172,113,30,56,280,200,388,693,23,,182,430,535,728,,484,,,1070,738,161,163,157,1271,686,202,375,50,104,150
Mon 4 Sep 2017,380,253,235,416,103,15,643,436,81,288,98,45,196,580,134,349,314,29,,537,565,986,681,,263,,,1172,841,255,167,419,1214,601,82,112,147,159,30
Tue 5 Sep 2017,400,262,299,442,109,11,666,455,82,287,126,40,204,602,148,382,384,50,,525,567,1015,695,,246,,,1207,850,210,139,457,1094,572,69,160,163,159,28
Wed 6 Sep 2017,186,154,117,223,37,5,362,214,68,190,92,23,151,343,83,234,132,19,,271,292,463,272,,104,,,633,418,99,52,248,449,295,46,42,110,88,17
Thu 7 Sep 2017,281,240,340,291,63,1,529,308,84,239,104,47,170,484,230,244,206,28,,366,368,650,360,,146,,,821,610,174,89,359,781,404,32,43,131,123,13
Fri 8 Sep 2017,299,200,224,287,77,21,493,326,103,252,103,29,147,459,121,316,247,46,,374,394,690,467,,223,,,927,683,196,100,344,1005,492,59,95,118,123,22
Sat 9 Sep 2017,67,44,161,70,61,17,118,80,27,122,70,21,50,163,106,151,189,29,,43,77,145,162,,123,,,362,213,40,47,107,409,167,21,96,56,54,15
Sun 10 Sep 2017,61,26,235,49,29,3,76,60,19,86,53,2,30,91,75,63,110,7,,42,61,171,180,,62,,,226,177,57,40,86,1019,124,47,58,32,34,14
Mon 11 Sep 2017,230,213,183,274,41,2,483,232,88,177,71,19,160,431,80,194,155,26,,365,376,576,294,,114,,,678,429,128,66,325,1094,317,33,23,115,109,13
Tue 12 Sep 2017,327,237,263,365,85,13,637,351,90,247,81,36,185,525,108,335,239,31,,426,448,796,482,,137,,,1031,686,172,106,429,1214,466,47,93,165,125,10
Wed 13 Sep 2017,380,251,225,370,105,9,676,398,89,279,89,35,186,563,157,339,302,91,,492,519,880,589,,201,,,1042,834,183,136,402,1133,592,162,115,160,145,23
Thu 14 Sep 2017,324,249,302,341,70,9,585,362,92,247,75,29,168,507,120,314,248,132,,442,460,747,411,,164,,,948,705,172,89,404,1162,467,39,58,158,150,17
Fri 15 Sep 2017,355,212,259,309,66,13,557,358,75,246,90,28,181,494,133,387,316,24,,425,488,787,526,,235,,,1083,731,201,111,384,1728,579,85,99,150,147,44
Sat 16 Sep 2017,142,72,212,112,119,12,174,185,40,143,80,24,65,204,167,268,362,30,,134,239,337,392,,287,,,648,444,83,117,163,827,361,54,237,74,49,33
Sun 17 Sep 2017,242,95,283,118,101,18,243,250,31,158,89,18,42,235,199,276,635,30,,163,290,508,650,,470,,,906,636,133,146,141,1437,582,160,395,59,61,157
Mon 18 Sep 2017,188,162,184,240,45,3,441,225,98,165,81,19,116,390,78,214,166,16,,271,281,520,269,,114,,,583,403,106,63,348,876,282,43,82,111,84,9
Tue 19 Sep 2017,355,264,271,398,91,13,719,373,98,294,92,37,215,642,124,361,360,42,,478,485,914,640,,292,,,1175,818,245,177,498,1296,582,95,141,175,138,35
Wed 20 Sep 2017,413,275,308,412,98,35,741,457,114,320,106,46,185,665,159,482,339,37,,493,496,1050,771,,312,,,1248,925,250,177,515,1454,700,97,134,154,129,30
Thu 21 Sep 2017,302,225,226,346,52,12,631,362,102,262,90,28,156,548,94,252,305,126,,378,425,792,435,,208,,,833,688,204,109,378,1043,551,61,63,159,137,29
Fri 22 Sep 2017,278,204,183,200,69,7,449,279,118,197,92,19,149,381,78,311,286,72,,326,348,524,325,,171,,,818,622,135,91,217,1101,504,57,73,144,122,14
Sat 23 Sep 2017,272,133,378,176,156,28,301,271,35,184,71,41,64,322,216,413,340,75,,224,418,529,756,,481,,,1144,837,142,160,184,1767,865,165,338,88,116,70
Sun 24 Sep 2017,279,111,351,152,145,16,266,327,34,173,73,24,42,269,171,399,434,22,,255,450,572,831,,654,,,1138,815,160,209,146,1585,678,211,382,75,122,107
Mon 25 Sep 2017,401,268,202,405,88,16,698,478,104,264,102,50,173,601,148,320,222,24,,458,549,952,559,,226,,,1028,786,199,142,476,1304,533,75,93,176,125,27
Tue 26 Sep 2017,280,219,189,312,64,7,596,291,99,211,85,28,140,516,84,271,360,29,,368,387,692,432,,200,,,864,614,143,89,372,1545,393,41,83,144,110,14
Wed 27 Sep 2017,327,278,233,359,75,24,645,373,94,256,103,31,180,592,125,365,252,52,,459,478,865,529,,210,,,1050,780,181,135,334,1257,537,89,108,157,129,49
Thu 28 Sep 2017,439,318,307,414,83,14,743,482,115,290,93,50,185,666,143,400,278,81,,527,570,1053,708,,288,,,1198,880,223,158,373,1405,687,82,158,170,165,49
Fri 29 Sep 2017,257,232,269,347,80,11,574,291,109,218,106,36,162,545,122,295,284,43,,358,382,669,387,,168,,,923,674,157,95,268,1164,514,62,91,154,130,24
Sat 30 Sep 2017,204,72,314,144,154,25,241,261,42,170,77,37,55,298,180,313,276,54,,171,332,508,643,,434,,,974,678,137,117,156,1133,518,71,320,96,103,90
Sun 1 Oct 2017,57,39,71,43,41,3,85,47,30,88,51,5,28,131,56,104,477,17,,51,63,109,189,,45,,,282,145,35,53,84,449,111,11,75,38,30,10
Mon 2 Oct 2017,231,163,105,257,39,13,446,258,96,194,82,28,131,416,68,129,224,24,,287,313,523,249,,92,,,617,405,137,53,352,649,277,41,20,136,94,11
Tue 3 Oct 2017,329,269,284,383,101,20,702,436,91,257,80,53,196,630,105,318,344,59,,475,526,878,597,,285,,,1120,816,219,107,522,1266,643,101,149,169,169,22
Wed 4 Oct 2017,379,292,331,394,103,13,693,478,97,282,97,39,155,623,141,343,367,37,,514,631,958,667,,377,,,1195,942,207,160,449,1372,706,114,150,154,169,48
Thu 5 Oct 2017,393,263,293,364,85,10,640,447,85,265,92,39,174,590,123,321,329,38,,466,458,925,631,,277,,,1090,844,205,147,469,1849,596,136,152,189,167,41
Fri 6 Oct 2017,298,188,284,303,73,21,583,365,93,268,96,42,164,567,124,296,281,38,,464,516,831,547,,304,,,943,818,185,119,436,1130,619,164,127,145,160,278
Sat 7 Oct 2017,179,121,321,122,148,25,265,221,44,194,106,29,66,332,223,369,569,41,,181,247,488,663,,459,,,964,641,119,236,197,1541,557,118,425,81,75,503
Sun 8 Oct 2017,93,35,82,73,37,13,109,96,29,90,50,17,44,143,52,128,199,5,,65,113,199,201,,252,,,377,239,53,89,138,1013,233,73,94,52,45,231
Mon 9 Oct 2017,333,242,208,317,74,17,641,392,74,243,87,35,181,580,95,277,314,24,,415,442,806,485,,291,,,1074,753,171,153,458,1685,516,99,95,143,113,195
Tue 10 Oct 2017,396,267,264,410,77,17,715,431,102,273,79,39,194,721,132,368,357,18,,553,614,1072,671,,342,,,1196,955,205,141,530,1567,740,82,187,198,159,273
Wed 11 Oct 2017,319,220,234,380,67,16,591,382,87,276,75,39,165,580,108,377,301,21,,434,452,845,506,,216,,,998,799,187,120,434,1285,534,67,89,149,141,180
Thu 12 Oct 2017,431,277,317,406,97,19,733,519,115,295,109,31,176,701,111,351,384,24,,504,727,1012,664,,298,,,1277,967,233,200,513,1459,715,143,176,196,169,244
Fri 13 Oct 2017,271,243,260,343,82,15,582,389,94,216,95,30,165,551,113,278,288,41,,465,536,789,474,,278,,,1012,892,161,159,411,1142,640,123,89,182,132,202
Sat 14 Oct 2017,278,75,426,153,170,23,255,336,50,182,89,27,55,322,242,385,844,36,,209,404,638,877,,448,,,1333,949,193,322,240,1641,878,160,314,72,111,669
Sun 15 Oct 2017,229,99,362,158,123,30,259,338,33,204,89,17,51,272,170,351,593,13,,204,381,565,838,,484,,,1171,818,179,241,203,1337,778,228,338,68,125,664
Mon 16 Oct 2017,390,272,220,397,90,15,707,418,99,256,98,36,158,622,94,338,276,28,,568,572,1023,598,,231,,,1121,742,241,173,463,1112,493,104,79,172,179,196
Tue 17 Oct 2017,408,275,273,447,123,17,727,481,121,280,105,22,183,695,122,429,345,50,,587,601,1086,698,,233,,,1167,874,258,157,531,1367,630,83,133,197,152,156
Wed 18 Oct 2017,405,272,263,382,96,11,730,438,107,281,82,30,145,705,126,491,318,41,,511,522,986,605,,257,,,1186,897,222,132,482,1288,631,93,84,229,143,165
Thu 19 Oct 2017,410,290,356,442,128,34,747,500,118,281,115,38,194,744,131,454,408,34,,552,582,1115,748,,284,,,1250,1030,284,191,531,1476,739,102,151,198,149,199
Fri 20 Oct 2017,333,239,223,326,100,18,570,356,113,233,86,25,154,510,123,399,299,40,,488,467,862,515,,226,,,1048,795,187,111,436,1088,548,80,128,179,147,112
Sat 21 Oct 2017,155,78,254,104,153,19,207,234,44,152,95,14,45,250,200,306,527,40,,140,342,495,650,,319,,,823,580,124,197,203,998,482,149,266,51,97,390
Sun 22 Oct 2017,125,52,181,85,86,20,149,154,36,153,75,2,38,171,160,230,365,16,,91,177,321,517,,322,,,567,405,117,188,139,680,324,61,189,40,62,244
Mon 23 Oct 2017,54,36,75,67,24,7,109,77,37,82,34,17,31,124,56,151,156,20,,47,83,159,157,,201,,,358,194,49,81,169,463,177,59,76,35,23,184
Tue 24 Oct 2017,432,271,266,424,111,11,694,503,111,264,98,43,173,704,128,434,391,59,,497,539,1020,612,,255,,,1208,898,211,183,517,1303,621,103,128,179,142,185
Wed 25 Oct 2017,416,297,307,425,102,19,744,483,105,342,90,53,198,621,124,448,380,26,,564,587,1117,684,,279,,,1228,979,232,170,514,1285,690,93,111,217,148,153
Thu 26 Oct 2017,388,284,307,387,99,14,670,430,110,247,116,24,158,583,116,426,270,32,,452,522,936,588,,254,,,1147,835,216,133,491,1229,575,63,89,176,146,170
Fri 27 Oct 2017,284,191,199,302,71,12,530,293,109,225,72,37,172,457,87,345,236,28,,399,428,654,365,,197,,,879,733,152,94,354,955,502,98,76,143,132,101
Sat 28 Oct 2017,137,68,191,122,132,31,195,150,38,123,67,19,37,232,175,308,371,43,,132,153,297,332,,299,,,637,458,93,131,193,756,415,49,235,84,90,251
Sun 29 Oct 2017,229,105,316,192,153,36,276,268,43,180,72,17,66,283,227,396,841,24,,276,383,657,958,,647,,,1007,730,219,301,188,1062,710,257,371,88,140,779
Mon 30 Oct 2017,385,313,251,460,88,18,670,441,89,294,100,42,187,613,124,387,334,22,,571,651,995,613,,218,,,1153,917,216,168,456,1189,643,114,67,200,115,198
Tue 31 Oct 2017,465,317,347,504,138,23,739,559,109,271,93,48,203,681,149,483,470,44,,633,724,1235,796,,303,,,1418,1100,290,198,548,1561,749,108,163,190,182,216
Wed 1 Nov 2017,478,320,294,473,112,20,728,470,83,284,94,45,203,670,130,493,462,28,,627,633,1160,710,,286,,,1289,1006,267,195,529,1382,707,110,141,217,171,263
Thu 2 Nov 2017,357,290,331,394,102,9,722,433,121,284,89,41,218,630,122,431,374,40,,538,622,974,563,,241,,,1234,981,229,151,443,1340,817,82,97,208,163,181
Fri 3 Nov 2017,275,172,174,300,47,12,462,261,95,195,99,23,154,440,88,295,172,32,,372,405,620,382,,154,,,797,629,149,100,344,852,525,79,73,138,121,87
Sat 4 Nov 2017,117,76,172,110,94,12,202,152,52,138,85,22,47,205,141,302,426,28,,107,120,282,357,,216,,,643,385,104,117,150,831,339,42,242,82,52,169
Sun 5 Nov 2017,328,120,472,179,154,59,301,408,43,221,72,19,55,302,243,456,914,34,,241,377,817,1031,,568,,,1399,955,195,388,213,1663,916,255,405,91,101,809
Mon 6 Nov 2017,435,275,302,503,102,23,705,516,122,285,83,50,214,631,134,425,413,67,,603,605,1222,701,,283,,,1517,1103,275,166,523,1557,856,125,100,193,164,215
Tue 7 Nov 2017,446,324,372,510,123,26,812,537,120,312,108,45,241,739,161,503,482,39,,668,723,1256,878,,316,,,1475,1184,273,218,568,1608,785,111,195,213,177,177
Wed 8 Nov 2017,224,179,166,270,50,11,495,249,111,203,82,20,145,452,76,287,212,26,,363,392,661,353,,155,,,805,650,115,95,346,855,443,77,119,144,120,113
Thu 9 Nov 2017,389,330,422,500,135,21,734,508,110,279,107,48,204,680,171,512,440,24,,588,636,1159,770,,286,,,1476,1138,255,200,529,1625,818,93,142,237,163,206
Fri 10 Nov 2017,378,242,295,363,107,26,570,371,100,272,88,39,169,590,123,360,297,29,,499,515,888,571,,253,,,1227,1016,189,147,441,1278,760,81,101,165,164,135
Sat 11 Nov 2017,164,100,277,160,216,15,256,194,52,169,83,30,58,345,176,387,664,41,,172,295,425,626,,336,,,967,757,138,143,193,1167,712,134,274,92,107,288
Sun 12 Nov 2017,310,93,561,178,141,44,300,373,25,244,92,28,54,368,287,500,908,22,,322,563,785,1186,,595,,,1726,1162,259,299,221,2016,1033,293,338,85,74,709
Mon 13 Nov 2017,436,288,306,498,102,32,724,514,96,323,103,38,179,631,124,420,381,29,,651,677,1198,751,,297,,,1455,1138,261,202,521,1564,802,98,92,201,162,239
Tue 14 Nov 2017,438,296,363,482,121,15,731,549,119,373,101,49,209,733,133,510,442,24,,635,661,1164,763,,273,,,1501,1125,251,187,490,1686,726,78,169,186,155,163
Wed 15 Nov 2017,446,341,353,498,105,17,735,505,107,289,106,35,204,706,135,500,397,36,,639,664,1126,707,,277,16,,1439,1108,263,225,527,1550,816,94,121,197,161,187
Thu 16 Nov 2017,383,302,423,483,133,25,702,469,108,284,116,63,203,663,144,526,244,36,,668,712,1109,744,,288,67,,1483,1181,275,197,554,1644,862,130,137,230,162,213
Fri 17 Nov 2017,369,264,351,412,108,41,655,435,107,277,90,47,214,608,121,442,368,62,,541,562,1014,618,,253,60,,1410,1122,209,186,486,1496,832,89,97,218,165,207
Sat 18 Nov 2017,215,122,276,137,134,25,311,226,49,140,74,23,69,301,195,380,603,29,,192,257,442,545,,212,60,,1020,660,135,214,218,1233,524,105,265,98,78,268
Sun 19 Nov 2017,164,68,185,117,62,31,144,191,43,119,54,15,42,185,126,177,347,12,27,162,236,355,519,,29,28,,717,512,93,196,144,864,442,147,334,64,59,261
Mon 20 Nov 2017,490,273,325,465,108,21,686,528,94,289,95,60,197,611,116,479,407,13,17,677,713,1246,781,,339,54,,1575,1264,273,228,538,1626,1001,115,91,212,184,208
Tue 21 Nov 2017,491,345,467,571,129,23,819,622,71,374,110,70,217,805,158,610,482,32,15,735,795,1404,899,,362,62,,1858,1459,280,244,548,1996,1044,129,173,227,205,261
Wed 22 Nov 2017,452,323,372,500,119,35,777,509,80,331,85,73,228,704,146,516,379,29,17,652,647,1188,713,,380,53,14,1554,1271,282,206,560,1667,974,124,128,190,169,235
Thu 23 Nov 2017,487,306,413,459,83,17,749,518,100,340,102,59,213,717,142,500,423,32,6,640,654,1113,733,,386,54,10,1678,1332,272,223,512,1749,949,119,133,209,187,182
Fri 24 Nov 2017,338,253,322,365,75,20,618,408,108,262,79,50,193,603,134,437,321,25,18,570,539,934,598,,221,50,12,1353,1099,228,144,452,1442,784,124,96,188,147,168
Sat 25 Nov 2017,230,97,320,175,150,24,274,246,36,177,79,27,71,391,252,389,540,44,29,240,373,478,619,,269,34,19,1285,1025,159,128,196,1466,796,140,264,90,97,309
Sun 26 Nov 2017,239,90,372,185,109,20,302,256,31,199,93,12,75,338,203,304,654,29,32,243,320,511,702,,549,43,8,1264,922,146,270,226,1535,852,278,373,100,77,512
Mon 27 Nov 2017,408,298,353,489,110,25,740,490,94,313,94,59,241,684,153,433,359,51,16,661,666,1169,736,,288,53,12,1527,1211,280,165,483,1527,946,133,93,208,178,217
Tue 28 Nov 2017,459,385,407,528,129,27,817,581,101,372,89,72,267,752,174,507,404,38,21,709,699,1274,871,,317,58,17,1630,1349,303,192,548,1796,907,116,181,212,211,239
Wed 29 Nov 2017,452,338,334,469,118,24,779,512,86,340,107,56,231,766,187,509,393,49,12,693,676,1226,784,,280,65,18,1593,1250,266,208,543,1694,893,97,131,208,178,190
Thu 30 Nov 2017,464,291,345,394,125,19,711,464,96,346,106,52,210,660,164,504,286,46,4,578,534,958,658,,304,48,6,1359,1130,231,170,458,1462,753,86,138,174,161,159
Fri 1 Dec 2017,360,247,362,395,98,21,597,421,94,272,119,35,216,549,159,465,310,73,14,516,576,885,587,113,223,49,17,1381,1108,231,166,442,1494,845,140,102,199,185,186
Sat 2 Dec 2017,335,124,372,244,192,15,315,411,32,256,103,20,98,463,232,515,632,82,32,490,1275,725,751,269,262,53,9,1487,1185,171,187,250,1719,931,145,273,140,163,283
Sun 3 Dec 2017,283,90,419,167,134,36,280,320,26,176,95,27,82,324,218,410,711,26,42,243,319,581,842,197,519,60,12,1431,943,173,229,198,1634,697,212,373,103,145,362
Mon 4 Dec 2017,466,318,399,489,98,25,754,524,99,307,95,63,224,687,169,466,379,30,20,703,614,1267,816,173,304,48,10,1724,1333,259,231,488,1786,926,103,95,209,174,209
Tue 5 Dec 2017,520,342,429,524,123,19,834,575,104,341,101,67,209,752,206,584,414,30,4,751,817,1287,858,197,322,59,11,1733,1417,303,233,570,1819,987,103,190,242,207,269
Wed 6 Dec 2017,487,332,440,471,115,24,799,480,82,339,108,52,236,729,211,534,374,28,9,687,694,1184,790,249,279,71,10,1592,1387,273,219,541,1691,965,109,127,258,222,208
Thu 7 Dec 2017,491,338,456,507,112,10,717,483,112,351,106,62,239,700,175,500,362,26,21,667,661,1116,705,209,322,48,12,1590,1306,262,186,538,1708,881,122,138,224,206,171
Fri 8 Dec 2017,485,317,367,462,90,23,651,532,101,318,100,51,206,670,152,452,321,26,27,640,694,1187,716,215,242,66,13,1514,1280,280,194,460,1605,936,91,97,212,203,198
Sat 9 Dec 2017,228,100,343,180,133,41,246,218,34,236,79,32,97,426,210,401,545,47,23,284,350,465,616,272,273,56,10,1302,1023,159,174,232,1591,779,170,274,124,100,264
Sun 10 Dec 2017,226,77,331,166,119,24,239,292,19,219,89,22,71,331,209,326,633,33,42,200,269,479,718,185,513,29,12,1084,777,170,220,170,1229,662,137,363,78,109,354
Mon 11 Dec 2017,423,327,358,468,84,31,705,495,80,345,83,49,233,712,164,462,351,38,18,658,722,1171,733,162,310,66,11,1518,1240,271,186,480,1567,875,167,95,229,175,187
Tue 12 Dec 2017,530,356,442,527,98,23,774,564,109,368,97,57,222,753,182,477,401,56,18,726,728,1229,827,148,320,72,14,1620,1392,284,215,496,1838,984,98,179,208,194,188
Wed 13 Dec 2017,489,304,365,438,112,22,721,502,114,341,101,68,207,685,190,569,395,43,11,571,566,1127,737,214,310,60,12,1539,1349,256,191,481,1617,937,126,127,207,216,215
Thu 14 Dec 2017,436,297,321,423,81,14,625,451,106,304,129,45,216,667,157,439,354,46,20,596,602,1006,670,181,327,61,15,1325,1212,238,183,470,1444,821,111,138,176,174,136
Fri 15 Dec 2017,399,255,359,353,75,17,639,377,97,294,90,62,188,540,147,436,319,76,11,545,505,995,562,184,239,67,16,1394,1196,184,169,420,1483,888,87,97,191,190,185
Sat 16 Dec 2017,205,137,328,176,141,26,318,205,41,233,90,33,92,417,285,388,671,79,26,237,280,501,632,183,260,57,11,1190,861,149,202,236,1445,665,176,273,100,91,294
Sun 17 Dec 2017,236,96,413,153,128,35,274,270,34,216,93,9,68,308,181,383,596,34,22,268,370,551,801,130,491,56,12,1378,944,132,214,170,1625,737,1579,363,97,113,287
Mon 18 Dec 2017,385,249,238,381,54,10,639,429,100,287,94,50,202,690,123,288,321,68,6,609,586,1052,582,184,314,52,11,1238,1003,230,115,405,1283,653,86,95,199,168,141
Tue 19 Dec 2017,444,289,392,432,165,30,706,482,91,345,101,56,213,792,159,407,413,54,15,650,669,1128,814,239,337,44,19,1494,1227,263,212,459,1642,874,151,179,202,210,209
Wed 20 Dec 2017,365,216,237,318,70,20,517,346,88,235,91,43,179,738,137,300,228,46,14,443,495,810,514,181,249,46,22,1049,961,187,122,357,1074,445,78,127,173,143,143
Thu 21 Dec 2017,409,291,388,352,109,17,640,411,107,289,103,54,196,706,156,394,358,73,17,548,623,934,694,192,75,70,19,1557,1245,214,154,410,1713,898,155,138,188,197,188
Fri 22 Dec 2017,239,208,344,281,99,10,458,277,55,267,80,23,173,528,122,325,266,63,15,406,436,672,510,180,220,38,11,1055,1071,172,151,288,1106,819,111,117,171,167,168
Sat 23 Dec 2017,172,92,289,150,138,19,226,231,33,177,74,19,75,332,214,357,525,62,46,186,287,429,641,189,179,49,11,1012,800,136,181,128,1157,675,136,277,112,78,259
Sun 24 Dec 2017,208,85,390,92,125,15,270,246,20,164,69,14,61,341,182,300,531,30,54,208,311,431,695,154,293,41,11,1116,804,127,210,156,1237,714,127,278,71,108,224
Mon 25 Dec 2017,102,41,168,52,60,9,118,118,11,84,40,12,26,126,59,187,210,32,10,102,204,154,256,105,211,11,9,727,383,67,92,83,913,384,97,65,33,51,133
Tue 26 Dec 2017,117,53,155,71,63,6,128,115,17,99,59,15,34,127,77,190,278,36,66,127,180,227,342,132,319,25,7,610,418,81,133,96,708,435,204,133,49,88,240
Wed 27 Dec 2017,236,107,239,131,89,15,302,243,32,174,83,25,46,301,180,301,507,67,78,233,322,487,672,252,536,41,16,1074,766,132,215,167,1257,673,198,217,82,109,300
Thu 28 Dec 2017,248,95,274,113,124,32,287,255,34,150,79,38,68,304,147,314,445,64,109,279,370,533,538,249,454,56,12,1139,860,113,195,205,1361,691,218,188,94,122,273
Fri 29 Dec 2017,239,95,254,130,109,27,260,216,37,182,69,36,65,332,94,297,364,29,136,238,330,467,512,240,198,44,24,971,818,110,193,183,1138,704,233,149,109,96,249
Sat 30 Dec 2017,245,60,292,123,135,14,212,254,16,127,70,66,47,268,229,310,571,66,97,201,347,471,635,274,218,58,16,1240,958,108,162,161,1430,815,247,254,68,98,292
Sun 31 Dec 2017,208,61,308,99,116,19,196,223,23,156,67,18,41,208,114,287,519,38,121,234,363,457,647,234,407,31,17,1169,1054,115,176,125,1298,872,206,315,53,79,252
