Date,Archibald Park Cyclists,Beach Road Cyclists,Carlton Gore Cycle Counter Cyclists,Curran Street Total Cyclists,Dominion Road Total Cyclists,East Coast Road Cyclists,GI TO TAMAKI DR SECTION-1 Cyclists,Grafton Bridge Cyclists,Grafton Gully Cyclists,Grafton Road Cyclists,Great North Rd Total,Great South Road Total Cyclists,HighBrook Cyclists,Hopetoun Street Cyclists,Karangahape Road Cyclists,Lagoon Drive Cyclists,Lake Road Total Cyclists,Mangere Bridge Cyclists,Mangere Safe Routes Cyclists,Matakana Cyclists,Nelson Street Cyclists,Nelson Street Lightpath Counter Cyclists,NW Cycleway Kingsland Cyclists,NW Cycleway TeAtatu Cyclists,Oceanview Rd Waiheke Cyclists,Orewa Path Cyclists,Ormiston Rd Total Cyclists,Pukekohe - Queen St Cyclists,Quay St Spark Arena Total Cyclists,Quay St Totem UZELT Cyclists,Rankin Ave Cyclists,Saint Lukes Rd Total,SH20A path (sth of Kirkbride Rd),SW Shared Path Cyclists,Symonds St Total Cyclists,Tamaki Drive Total Cyclists,TeAtatu Peninsula Pathway Cyclists,TeWero Bridge Bike Counter Cyclists,Twin Streams Cyclists,Upper Harbour  Cyclists,Upper Queen Street Cyclists,Victoria Street West Total Cyclists,Waterview Unitec Counter Cyclists
Mon 1 Jan 2018,,135,27,144,64,48,15,108,149,19,91,46,11,43,139,76,220,281,22,79,148,264,272,416,186,428,23,10,668,596,,93,,129,77,757,,522,121,104,47,55,209
Tue 2 Jan 2018,,240,81,305,94,124,20,209,262,28,134,45,19,58,227,98,255,455,37,95,294,466,506,667,199,556,43,14,1303,1089,,143,,178,148,1551,,873,227,254,68,72,349
Wed 3 Jan 2018,,393,158,309,196,121,17,384,350,38,202,67,30,77,400,148,300,444,31,76,306,418,656,652,271,359,30,24,1241,1004,,173,,165,296,1461,,897,246,186,115,104,257
Thu 4 Jan 2018,,97,73,108,73,27,14,176,83,39,96,54,13,59,171,58,107,139,12,5,73,73,158,135,69,50,24,10,360,222,,57,,30,104,448,,198,26,36,57,59,32
Fri 5 Jan 2018,,45,38,21,45,20,16,104,41,26,69,43,9,32,110,49,45,31,12,9,64,34,85,47,41,26,20,12,153,99,,27,,24,67,184,,100,13,5,56,35,25
Sat 6 Jan 2018,,182,77,192,103,99,30,173,197,32,150,65,26,65,242,115,236,307,51,87,152,344,313,399,180,300,23,10,720,711,,132,,141,130,876,,626,158,106,52,69,247
Sun 7 Jan 2018,,354,100,468,140,164,28,288,416,27,206,91,14,57,386,280,443,779,35,80,322,545,726,998,276,700,47,21,1747,1326,,205,,282,203,1957,,1165,321,397,74,114,535
Mon 8 Jan 2018,,465,259,329,390,101,17,583,500,58,271,88,55,166,593,160,353,383,52,39,611,655,1051,716,237,415,30,17,1576,1170,,225,,223,401,1669,,945,285,143,184,145,250
Tue 9 Jan 2018,,441,295,399,418,123,19,691,504,65,325,87,60,173,670,178,353,487,47,43,569,688,1164,887,240,377,42,19,1879,1392,,255,,285,501,1985,,1055,228,254,178,154,282
Wed 10 Jan 2018,,454,281,364,362,105,16,623,538,65,296,94,66,161,588,185,397,430,50,35,595,640,1115,830,240,385,49,19,1594,1386,,270,,209,431,1747,,968,220,178,184,162,208
Thu 11 Jan 2018,,462,252,371,431,113,16,656,525,64,346,66,61,188,626,180,361,449,32,35,604,731,1068,716,187,268,58,23,1555,1362,,240,,208,449,1749,,982,174,229,198,158,244
Fri 12 Jan 2018,,400,255,376,357,76,15,574,398,51,312,87,45,174,497,143,297,385,36,58,523,575,894,658,244,355,56,17,1537,1315,,200,,161,396,1730,,986,153,150,152,168,241
Sat 13 Jan 2018,,276,119,390,201,128,25,292,325,18,192,79,48,78,323,178,401,602,65,88,262,449,555,788,213,479,55,6,1433,1062,,147,,176,178,1664,,912,149,362,106,127,345
Sun 14 Jan 2018,,299,111,385,152,145,23,288,337,21,179,84,38,60,335,216,370,649,19,65,266,435,604,837,157,441,50,12,1502,1048,,171,,232,181,1835,,931,232,322,99,85,424
Mon 15 Jan 2018,,457,315,331,425,81,14,680,471,54,314,100,60,246,637,167,353,412,30,31,739,811,1197,781,245,284,34,14,1499,1263,,246,,216,490,1545,,916,213,124,196,173,263
Tue 16 Jan 2018,,458,300,297,486,97,20,712,502,81,286,92,55,216,655,147,301,351,42,23,681,788,1148,668,158,137,53,20,1309,1115,,236,,149,498,1427,,913,135,122,216,158,161
Wed 17 Jan 2018,,339,237,182,343,50,16,582,363,94,261,83,40,184,552,144,226,213,27,14,505,555,808,468,139,117,37,7,867,801,,174,,122,409,881,,549,87,55,170,160,112
Thu 18 Jan 2018,,139,130,70,144,19,17,244,153,66,135,64,9,126,237,94,103,108,8,0,241,261,372,224,88,19,36,5,467,346,,67,,50,212,462,,224,21,22,96,68,52
Fri 19 Jan 2018,,253,184,182,255,52,14,385,284,93,198,64,30,192,416,84,215,204,27,18,408,418,679,435,136,191,42,17,977,798,,130,,125,314,959,,626,131,71,152,127,161
Sat 20 Jan 2018,,318,108,464,190,158,25,338,339,30,209,54,21,82,420,196,457,646,38,77,266,402,639,862,209,420,54,18,1577,1121,,187,,232,224,1760,,929,175,384,130,115,402
Sun 21 Jan 2018,,340,117,482,174,128,23,311,379,28,235,63,29,73,355,201,385,722,23,49,257,384,686,996,153,558,41,10,1676,1123,,195,,331,196,1994,,955,225,399,81,87,675
Mon 22 Jan 2018,,278,198,147,227,47,15,418,314,79,209,85,39,150,411,120,167,201,13,12,370,404,654,430,107,151,28,19,839,659,,128,,92,299,864,,420,184,39,131,103,99
Tue 23 Jan 2018,,385,307,348,406,73,19,645,456,82,322,110,68,203,672,145,292,378,42,31,584,632,1054,737,167,206,58,17,1276,1058,,212,,153,480,1374,,701,112,124,153,116,191
Wed 24 Jan 2018,,513,365,395,484,118,16,807,560,96,366,83,80,238,837,227,447,483,37,21,733,758,1319,912,233,331,53,22,1645,1410,,253,,211,521,1853,,921,130,190,216,155,265
Thu 25 Jan 2018,,468,335,388,448,111,19,735,536,106,300,100,78,231,728,175,357,406,47,26,633,700,1182,856,215,244,70,24,1499,1270,,256,,202,481,1755,,854,170,184,234,181,181
Fri 26 Jan 2018,,353,257,348,338,86,16,598,410,81,245,86,52,217,582,161,317,376,37,31,498,606,951,632,185,260,53,16,1272,1176,,218,,174,383,1440,,762,100,130,186,135,197
Sat 27 Jan 2018,,271,116,417,142,151,26,271,279,44,226,78,28,86,367,229,376,536,45,91,265,429,566,741,233,317,65,7,1382,1269,,194,,164,243,1612,,997,155,274,83,83,223
Sun 28 Jan 2018,,223,81,397,151,132,24,258,263,38,172,75,19,70,345,199,344,506,44,65,320,414,518,724,234,441,56,22,1527,1267,,135,,213,211,1636,,857,159,344,77,101,288
Mon 29 Jan 2018,,314,68,501,177,114,14,241,348,45,195,75,33,80,323,173,400,576,33,52,314,454,604,775,190,426,44,12,1592,1432,,207,,214,208,1798,,1045,203,261,91,101,361
Tue 30 Jan 2018,,475,357,446,458,133,19,797,590,98,338,86,68,249,724,196,439,457,45,15,712,804,1280,849,182,251,74,17,1622,1341,,270,,200,551,1806,,871,179,150,234,148,237
Wed 31 Jan 2018,,451,367,357,482,99,16,821,554,104,330,96,58,302,768,183,527,439,43,15,698,761,1335,834,188,266,51,12,1511,1388,,233,,228,545,1643,,899,174,153,232,195,218
Thu 1 Feb 2018,,211,220,108,186,42,17,374,232,89,175,85,24,183,369,98,235,98,18,6,298,321,485,258,90,61,45,13,570,550,13,86,,72,241,615,,322,102,42,130,95,54
Fri 2 Feb 2018,,322,293,350,393,94,15,651,491,98,288,94,62,224,665,133,445,371,37,5,624,669,1038,670,186,256,48,20,1318,1199,33,232,,171,457,1424,,723,102,146,203,164,194
Sat 3 Feb 2018,,92,79,205,108,106,26,205,123,41,52,81,33,68,268,189,308,475,22,45,115,128,249,415,91,248,67,9,823,475,12,94,,177,151,967,,296,163,284,90,76,167
Sun 4 Feb 2018,,190,83,448,151,84,23,249,275,41,97,56,31,71,330,207,314,679,37,64,208,379,512,740,150,480,49,12,1077,916,17,148,,241,183,1227,,703,238,257,84,48,445
Mon 5 Feb 2018,,297,242,238,322,81,14,483,346,77,223,98,38,163,501,130,393,359,36,32,440,585,765,521,197,347,58,17,1161,864,30,161,,168,397,1263,,632,222,104,156,109,145
Tue 6 Feb 2018,,502,134,726,216,201,19,369,576,38,245,77,19,73,461,253,558,1035,70,62,576,982,996,1171,268,1032,46,17,2317,2009,22,272,,394,223,2693,,1677,167,518,126,90,772
Wed 7 Feb 2018,,426,346,366,485,101,16,802,543,94,374,91,57,265,734,161,519,370,29,14,716,696,1349,842,228,300,58,15,1511,1270,21,247,,232,519,1626,,814,158,125,225,165,206
Thu 8 Feb 2018,,432,381,437,479,129,17,870,607,82,332,114,59,254,848,154,553,426,46,7,702,727,1350,819,198,280,73,11,1700,1475,37,293,,210,558,1792,,913,121,134,277,170,220
Fri 9 Feb 2018,,155,173,130,226,52,15,394,227,76,222,90,19,153,372,78,264,141,18,3,344,295,569,332,113,106,47,12,842,650,14,99,,88,246,980,,410,122,44,123,98,77
Sat 10 Feb 2018,,108,36,100,59,56,26,121,83,37,105,68,15,46,191,78,137,156,18,5,62,57,141,200,98,48,32,13,567,334,17,45,,55,109,772,,203,163,49,47,45,72
Sun 11 Feb 2018,,63,27,77,55,40,23,79,63,26,81,50,8,47,77,79,122,120,14,3,65,67,136,195,57,72,29,8,545,239,6,46,,59,44,779,,155,215,61,54,14,49
Mon 12 Feb 2018,,363,346,309,429,104,14,675,502,116,307,91,55,247,629,141,431,366,58,11,619,710,1200,794,132,298,51,7,1375,1112,27,245,,203,486,1429,,689,207,140,205,142,216
Tue 13 Feb 2018,,229,213,169,254,72,19,474,318,86,220,83,37,195,400,133,303,213,37,2,395,433,783,535,96,83,44,7,1008,683,19,146,,109,331,1249,,418,150,65,130,115,98
Wed 14 Feb 2018,,286,305,346,391,111,16,663,447,104,305,94,40,266,621,190,466,380,30,12,639,736,1185,685,154,283,45,7,1315,1169,26,242,,176,472,1445,,799,143,137,198,131,183
Thu 15 Feb 2018,,438,382,436,435,142,17,797,613,109,358,97,76,236,765,190,538,516,40,9,698,765,1424,913,209,314,67,11,1653,1475,34,295,,249,543,1703,,1105,104,192,222,142,204
Fri 16 Feb 2018,,445,291,376,419,99,15,674,525,93,358,90,64,213,669,192,504,419,66,9,663,667,1262,754,225,267,67,11,1657,1376,38,243,,205,431,1744,,920,118,171,181,135,207
Sat 17 Feb 2018,,213,103,413,181,154,26,301,297,31,274,72,37,89,444,229,396,652,57,34,231,374,625,904,197,329,45,13,1373,1055,51,239,,210,226,1519,,826,171,346,111,86,337
Sun 18 Feb 2018,,288,94,635,179,135,23,335,352,38,229,73,22,71,374,178,400,729,38,26,329,488,661,1037,170,575,66,33,1454,1407,24,176,,228,187,1637,,1113,212,405,83,123,364
Mon 19 Feb 2018,,472,358,309,442,107,14,788,570,96,320,108,69,253,750,159,421,380,29,16,722,735,1317,795,168,295,61,10,1443,1154,34,265,,185,487,1490,,730,207,101,187,155,153
Tue 20 Feb 2018,,394,327,297,434,95,19,714,407,100,310,83,40,270,693,133,452,261,34,6,586,618,1020,569,144,257,59,10,1262,1067,27,215,,134,445,1442,,634,124,86,175,155,131
Wed 21 Feb 2018,,417,362,355,497,127,16,771,592,104,349,96,57,265,723,156,516,357,35,19,661,676,1283,739,228,282,52,10,1438,1289,34,247,,208,547,1572,,807,137,155,213,160,170
Thu 22 Feb 2018,,380,337,346,421,113,17,747,515,110,332,80,53,282,674,171,397,300,38,8,631,590,1093,684,195,281,64,10,1396,1154,28,252,,178,473,1524,,818,95,89,171,192,166
Fri 23 Feb 2018,,405,295,389,385,110,15,747,483,92,296,84,61,225,657,153,470,357,32,8,624,589,1140,745,148,283,64,12,1538,1269,25,221,,193,474,1597,,882,185,170,171,149,218
Sat 24 Feb 2018,,265,124,416,186,154,26,350,344,42,201,87,38,98,414,221,413,737,36,52,342,515,753,958,229,495,72,11,1524,1235,41,179,,262,209,1755,,1058,418,334,103,83,500
Sun 25 Feb 2018,,257,116,507,165,119,23,343,325,36,214,83,21,81,370,224,378,807,33,26,321,533,735,1008,210,556,56,12,1784,1339,27,172,,272,160,2053,,1156,482,482,87,69,425
Mon 26 Feb 2018,,502,396,338,492,108,14,903,630,109,339,95,56,259,716,177,447,394,34,4,758,729,1448,875,168,321,59,11,1619,1306,52,281,,207,679,1701,,979,141,115,225,173,211
Tue 27 Feb 2018,,456,392,345,466,149,19,923,612,138,392,91,53,260,811,156,524,420,18,11,744,703,1510,963,180,324,52,12,1519,1311,34,294,,220,622,1633,,865,165,189,212,196,283
Wed 28 Feb 2018,,403,370,335,437,80,16,863,556,135,342,101,42,294,734,154,496,404,16,4,702,827,1385,764,168,175,56,11,1290,1327,33,284,,169,591,1305,,1040,86,83,211,157,267
Thu 1 Mar 2018,,363,361,327,448,122,17,822,525,123,348,97,49,277,724,144,483,386,44,12,671,736,1284,745,164,98,52,5,1293,1183,34,259,,197,539,1358,,908,99,113,209,192,259
Fri 2 Mar 2018,,337,286,260,342,87,15,660,397,131,283,110,35,257,577,126,440,274,56,10,520,541,1021,543,143,174,50,10,1071,1025,34,210,,118,355,1148,,798,143,105,175,130,174
Sat 3 Mar 2018,,244,146,347,186,104,26,353,280,51,204,91,38,90,369,209,346,696,41,42,290,408,761,731,195,308,47,10,1160,1066,44,253,,262,214,1337,,1056,186,296,103,126,302
Sun 4 Mar 2018,,295,141,333,196,124,23,369,285,38,198,79,28,74,417,203,340,659,24,36,301,543,735,933,176,449,58,11,814,967,34,243,,276,182,1011,,1049,256,340,98,99,445
Mon 5 Mar 2018,,436,390,410,502,99,14,938,621,135,386,89,49,285,817,164,437,436,38,19,841,772,1522,928,207,325,60,6,1781,1484,50,314,,207,652,1867,,1096,167,129,204,207,239
Tue 6 Mar 2018,,433,434,424,520,134,19,1018,661,141,400,116,64,296,852,177,515,524,31,2,783,725,1533,982,204,290,66,19,1857,1468,37,342,,225,671,1976,,1040,174,211,225,185,219
Wed 7 Mar 2018,,444,353,289,488,95,16,814,499,102,368,106,48,243,728,164,437,314,29,4,722,668,1158,694,155,238,47,11,1395,1269,25,233,,149,586,1371,,891,122,102,207,176,194
Thu 8 Mar 2018,,429,333,320,434,92,17,796,512,149,331,114,43,255,648,134,389,323,27,3,619,547,1136,640,133,165,64,10,1423,1214,54,234,,156,549,1544,,884,87,88,196,160,174
Fri 9 Mar 2018,,448,302,410,447,106,15,815,531,117,298,117,59,245,719,171,428,314,45,12,672,563,1235,735,175,278,34,11,1540,1521,36,259,,183,564,1673,,1203,161,181,208,156,191
Sat 10 Mar 2018,,286,157,522,222,161,26,352,321,57,261,79,36,106,413,217,470,732,64,57,360,492,654,726,213,372,19,13,1574,1544,40,207,,191,237,1763,,1395,258,335,106,104,322
Sun 11 Mar 2018,,294,103,469,196,138,23,299,362,31,221,88,40,73,356,220,398,642,21,34,288,447,713,1132,170,530,20,16,1522,1343,21,198,,207,203,1638,,1231,265,471,92,117,372
Mon 12 Mar 2018,,248,198,128,309,42,14,507,314,110,226,83,23,171,389,108,298,183,17,1,433,338,758,376,71,83,32,7,784,689,18,148,,75,382,880,,483,40,29,125,182,67
Tue 13 Mar 2018,,412,342,271,464,113,19,768,528,113,298,109,53,215,675,139,488,272,28,9,641,606,1174,699,152,253,35,13,1162,1106,42,219,,181,601,1232,,774,171,122,193,161,165
Wed 14 Mar 2018,,415,377,391,460,89,16,821,567,118,315,116,55,243,719,208,528,381,28,7,704,637,1280,774,180,290,25,11,1485,1248,45,243,,171,618,1545,,979,139,140,209,147,176
Thu 15 Mar 2018,,487,398,416,484,113,17,933,592,117,380,117,56,266,791,144,541,316,36,13,724,716,1320,852,158,272,26,14,1519,1366,46,277,,169,626,1640,,1037,141,123,240,192,197
Fri 16 Mar 2018,,413,298,356,431,95,15,770,517,123,299,107,61,233,677,194,469,279,22,4,673,665,1206,724,150,249,32,20,1343,1350,47,248,,181,565,1416,,1081,142,126,222,172,206
Sat 17 Mar 2018,,231,116,316,186,134,26,334,298,46,219,100,36,99,423,232,331,617,39,26,241,336,557,793,158,297,23,13,1097,1106,27,172,,223,219,1323,,980,228,265,100,122,320
Sun 18 Mar 2018,,246,89,540,175,118,23,264,316,33,191,73,22,89,346,177,447,725,21,47,316,434,652,970,209,429,23,5,1479,1360,33,192,,261,193,1651,,1133,219,303,79,95,431
Mon 19 Mar 2018,,467,358,319,470,87,14,846,567,110,323,81,55,235,748,153,402,318,24,1,701,696,1423,811,184,271,34,12,1387,1107,35,283,,191,615,1422,,775,113,78,222,161,200
Tue 20 Mar 2018,,414,352,324,415,100,19,806,517,90,314,100,56,219,705,154,426,324,23,11,628,607,1227,789,157,234,25,14,1288,1035,31,229,,166,580,1423,,677,100,117,200,162,226
Wed 21 Mar 2018,,491,395,371,494,110,23,953,577,97,331,106,55,247,833,187,526,345,27,7,731,728,1408,810,174,328,42,15,1477,1268,32,290,,226,667,1580,,879,141,115,239,151,208
Thu 22 Mar 2018,,496,370,382,474,119,23,880,569,117,422,107,46,273,765,192,563,370,22,3,695,661,1349,785,190,251,36,9,1495,1294,39,291,,205,639,1674,,934,162,149,188,162,195
Fri 23 Mar 2018,,364,252,311,338,87,15,600,424,107,252,114,40,192,492,129,381,232,25,10,482,429,968,541,173,157,24,8,1052,937,35,205,,121,485,1168,,643,72,61,174,144,158
Sat 24 Mar 2018,,117,77,139,106,60,21,146,118,33,122,76,3,80,193,116,211,246,10,14,117,167,233,216,105,146,15,8,512,449,27,132,,103,122,695,,310,46,75,81,51,95
Sun 25 Mar 2018,,292,109,567,177,102,28,310,362,31,249,78,22,79,350,196,399,728,15,34,297,439,691,1009,148,408,21,9,1353,1202,31,200,,265,173,1525,,956,261,369,97,82,466
Mon 26 Mar 2018,,480,378,336,450,88,24,940,625,98,345,95,59,251,742,165,420,364,33,7,689,716,1374,806,173,284,37,2,1496,1149,38,249,,213,638,1552,,770,144,106,206,177,179
Tue 27 Mar 2018,,508,378,395,518,139,23,974,622,118,366,113,67,261,743,169,592,415,20,9,706,704,1442,899,190,270,28,15,1681,1260,42,311,,224,646,1841,,775,134,187,224,158,202
Wed 28 Mar 2018,,499,343,351,497,98,26,844,607,114,362,100,52,284,814,151,544,374,30,8,699,627,1355,789,177,234,29,13,1395,1192,33,271,,221,605,1443,,791,86,142,208,169,170
Thu 29 Mar 2018,,433,338,357,451,87,20,863,532,128,358,107,49,243,727,158,501,345,39,7,624,580,1178,668,173,257,40,13,1438,1239,38,244,,197,630,1500,,855,96,104,218,138,156
Fri 30 Mar 2018,,177,79,263,102,108,23,224,199,25,161,56,19,56,249,148,340,421,33,46,221,374,398,597,168,451,14,10,971,772,25,106,,139,123,1206,,677,244,268,58,69,281
Sat 31 Mar 2018,,235,80,273,147,91,13,264,255,21,156,72,20,57,338,209,323,630,27,151,221,352,511,638,273,351,23,9,1087,894,26,144,,180,160,1235,,739,153,242,67,95,235
Sun 1 Apr 2018,,253,68,343,139,104,18,232,309,26,124,61,26,48,253,152,351,587,34,70,261,395,486,769,279,584,28,11,1142,967,22,181,,199,153,1354,,924,233,317,63,63,321
Mon 2 Apr 2018,,240,84,389,156,112,18,276,338,28,161,63,21,66,307,162,362,714,23,82,307,572,600,789,216,695,55,15,1180,990,18,188,,196,165,1455,,939,279,293,84,97,424
Tue 3 Apr 2018,,445,309,366,477,113,29,638,473,63,326,82,49,236,645,158,447,422,21,19,725,760,1226,793,174,319,72,12,1381,1195,38,287,,234,457,1398,,783,242,131,192,168,263
Wed 4 Apr 2018,,524,364,358,505,120,27,826,600,87,331,107,68,228,701,151,526,396,31,6,761,728,1368,858,159,333,68,8,1507,1262,25,280,,206,538,1511,,769,97,109,211,170,204
Thu 5 Apr 2018,,496,384,396,485,113,29,762,529,112,352,100,54,266,736,202,517,354,33,8,781,720,1329,859,168,298,66,9,1540,1300,39,299,,214,536,1599,,822,90,148,226,149,199
Fri 6 Apr 2018,,425,295,366,408,80,23,666,454,84,334,90,52,270,608,163,481,346,34,5,589,593,1118,738,158,252,72,13,1379,1258,34,225,,223,482,1477,,820,67,96,202,184,202
Sat 7 Apr 2018,,242,108,386,188,134,32,337,326,35,229,93,27,80,364,231,406,580,33,37,278,347,670,819,172,396,49,7,1165,962,29,173,,206,212,1360,,793,143,302,102,78,293
Sun 8 Apr 2018,,283,102,420,182,135,33,328,393,30,217,55,32,65,373,204,461,875,38,25,292,383,709,898,166,487,96,10,1153,1000,24,190,,328,211,1371,,819,232,350,96,70,416
Mon 9 Apr 2018,,428,317,279,482,92,19,835,573,78,309,100,62,260,682,166,393,379,26,7,782,779,1396,834,189,284,64,5,1356,1079,37,281,,245,556,1394,,716,89,106,193,167,187
Tue 10 Apr 2018,,277,221,133,286,51,29,548,302,106,223,76,25,188,446,131,342,159,5,2,415,375,744,398,96,95,55,9,784,662,14,158,,93,338,824,,383,40,36,122,94,96
Wed 11 Apr 2018,,141,147,79,159,29,29,287,181,60,126,83,20,121,265,70,139,74,16,2,240,203,435,238,63,106,70,8,520,391,15,71,,62,196,556,,277,0,17,121,91,34
Thu 12 Apr 2018,,347,289,259,352,98,29,602,374,84,251,84,47,173,550,162,377,248,18,4,558,504,900,540,91,193,79,6,1083,907,30,190,,120,407,1134,,628,30,68,167,144,110
Fri 13 Apr 2018,,279,230,205,318,61,23,502,311,81,219,79,48,179,420,103,264,200,19,6,489,439,786,445,110,127,96,8,875,745,20,193,,112,378,945,,480,44,44,159,119,83
Sat 14 Apr 2018,,46,42,52,58,21,33,94,52,39,103,43,5,55,137,50,76,72,17,2,48,61,84,82,51,45,28,11,225,204,13,32,,57,100,338,,151,51,6,54,32,37
Sun 15 Apr 2018,,188,72,338,124,70,35,240,187,24,118,82,19,72,251,134,252,325,10,30,166,217,358,479,86,275,38,7,798,630,29,125,,188,145,985,,506,105,253,74,41,155
Mon 16 Apr 2018,,384,243,214,401,66,19,621,449,99,265,84,57,218,608,107,242,258,20,4,575,574,941,555,76,149,53,4,1073,873,42,202,,159,465,1114,,596,124,69,156,118,153
Tue 17 Apr 2018,,495,333,341,485,122,31,800,568,109,338,101,54,251,710,160,372,303,19,16,678,650,1223,778,115,301,34,8,1508,1224,26,237,,218,576,1667,,902,135,144,190,154,222
Wed 18 Apr 2018,,445,265,235,457,59,12,711,496,100,297,80,44,229,639,111,302,234,16,17,583,546,1028,574,119,183,60,5,1050,934,28,204,,183,507,1096,,630,68,68,172,133,147
Thu 19 Apr 2018,,463,310,372,444,95,17,796,525,127,376,98,48,255,720,155,329,316,18,28,690,742,1220,791,112,253,51,5,1298,1101,49,255,,240,523,1368,,728,143,120,212,178,211
Fri 20 Apr 2018,,419,285,312,379,82,19,626,467,101,277,86,46,221,562,130,264,255,22,19,533,579,973,532,155,197,79,8,1191,1190,29,200,,173,465,1271,,817,129,74,171,153,177
Sat 21 Apr 2018,,252,114,308,141,121,16,294,263,42,209,80,34,63,365,175,320,456,30,33,221,330,469,587,161,376,72,8,1089,867,18,117,,197,213,1220,,800,128,223,86,83,209
Sun 22 Apr 2018,,265,100,360,148,75,36,266,350,32,218,63,23,61,314,156,333,592,22,50,291,504,640,743,161,458,70,5,1128,920,23,162,,264,199,1257,,805,226,323,75,90,376
Mon 23 Apr 2018,,426,311,216,449,62,21,691,532,97,304,85,58,247,644,131,262,303,23,12,662,705,1193,705,130,304,68,6,1268,1013,38,211,,205,586,1245,,684,132,94,192,151,204
Tue 24 Apr 2018,,425,309,340,446,83,8,758,519,108,331,85,52,214,707,151,327,314,24,49,661,742,1124,710,126,277,49,7,1276,1087,26,222,,203,608,1413,,791,116,108,202,152,190
Wed 25 Apr 2018,,483,149,540,199,125,40,555,490,51,265,52,19,69,520,220,441,853,27,73,423,760,985,1187,191,750,47,5,1812,1501,50,166,,337,273,1991,,1366,289,348,121,109,584
Thu 26 Apr 2018,,448,324,363,486,98,12,812,550,110,331,113,58,214,731,154,317,342,21,26,712,840,1147,705,132,282,47,11,1327,1175,35,247,,231,562,1497,,764,153,119,205,204,203
Fri 27 Apr 2018,,377,250,328,379,72,14,664,424,91,276,113,53,174,626,132,295,251,28,13,547,623,1007,641,148,154,40,7,1177,1064,38,229,,182,469,1264,,728,155,94,170,168,173
Sat 28 Apr 2018,,47,30,23,60,25,3,89,48,29,58,59,7,58,101,45,65,67,9,0,46,28,89,70,41,16,15,5,176,101,5,23,,15,70,269,,80,17,20,55,34,16
Sun 29 Apr 2018,,150,84,335,143,110,32,224,187,29,159,57,14,59,298,129,282,379,10,27,198,280,392,565,79,343,21,8,801,673,12,153,,226,154,934,,625,143,244,61,71,297
Mon 30 Apr 2018,,412,318,229,457,98,15,767,516,128,276,84,49,238,638,144,364,285,27,5,693,675,1180,667,141,208,49,6,1164,903,31,234,,154,547,1223,,539,69,81,185,162,164
Tue 1 May 2018,,522,359,332,492,128,22,830,529,113,359,104,58,235,785,186,547,363,20,14,683,669,1233,866,151,233,51,7,1468,1108,38,262,,258,591,1539,,669,137,141,187,157,199
Wed 2 May 2018,,552,357,378,512,128,20,955,612,116,353,99,66,243,844,186,493,396,31,12,697,716,1405,862,162,336,49,6,1511,1279,34,300,,313,625,1584,,833,84,130,214,150,227
Thu 3 May 2018,,522,373,408,497,120,16,895,629,108,370,85,57,232,763,159,480,382,30,7,681,716,1316,938,123,314,70,14,1506,1282,33,270,,262,631,1599,,843,37,166,207,168,228
Fri 4 May 2018,,425,297,332,438,94,19,755,467,94,313,95,51,210,651,118,403,305,21,11,624,644,1187,741,155,237,40,8,1350,1201,29,241,,198,553,1455,,838,23,121,186,130,183
Sat 5 May 2018,,222,111,368,195,122,18,342,263,44,235,72,22,84,383,164,424,708,38,12,286,382,517,683,175,400,89,5,1111,878,26,121,,232,209,1322,,764,91,291,104,109,254
Sun 6 May 2018,,179,91,283,142,57,25,210,220,36,180,70,17,67,278,105,247,357,10,7,219,360,404,497,90,298,55,6,845,701,19,132,,144,154,1020,,648,164,131,102,85,198
Mon 7 May 2018,,480,352,274,497,86,20,840,526,117,332,81,55,231,696,148,330,325,19,11,687,700,1223,723,132,252,87,10,1324,1063,44,290,,226,583,1365,,652,87,96,220,168,197
Tue 8 May 2018,,530,372,367,553,127,18,903,590,98,363,100,57,241,770,136,492,405,24,13,781,786,1365,901,161,273,77,13,1659,1244,35,306,,273,653,1765,,787,42,158,215,181,248
Wed 9 May 2018,,480,386,308,511,107,14,955,546,105,314,93,63,223,731,147,521,449,24,8,728,731,1305,826,145,280,62,12,1459,1152,40,285,,211,640,1532,,757,5,99,209,155,201
Thu 10 May 2018,,522,346,351,473,109,15,847,589,116,355,78,58,259,711,168,491,296,27,3,730,737,1261,784,118,217,62,14,1494,1208,48,277,,208,616,1556,,782,41,102,207,173,179
Fri 11 May 2018,,366,242,266,376,52,21,614,387,112,248,106,34,203,533,98,335,250,10,9,528,515,904,533,101,176,40,6,998,863,26,186,,175,468,1123,,555,21,71,159,128,139
Sat 12 May 2018,,104,48,121,94,54,18,154,86,33,118,74,20,60,166,75,156,315,19,3,72,91,191,272,62,70,38,4,433,325,12,49,,110,99,620,,247,22,107,85,56,101
Sun 13 May 2018,,162,70,241,90,54,42,182,159,23,136,41,16,49,196,87,184,467,17,10,180,275,341,458,51,321,34,14,731,585,19,85,,189,105,845,,532,109,145,64,61,260
Mon 14 May 2018,,444,276,259,466,88,12,770,577,107,286,87,58,247,629,122,339,290,20,0,707,663,1179,738,102,252,45,8,1170,901,33,250,,195,536,1212,,561,76,99,173,168,234
Tue 15 May 2018,,459,351,373,485,108,25,784,595,100,331,94,53,256,730,136,500,355,35,4,668,706,1278,756,105,267,49,14,1429,1130,26,260,,206,550,1579,,716,97,114,184,205,179
Wed 16 May 2018,,446,352,286,441,82,18,795,507,101,313,88,53,259,735,178,441,294,29,8,666,696,1174,712,104,269,30,9,1232,1065,27,259,,198,515,1299,,727,58,99,211,168,178
Thu 17 May 2018,,385,305,229,392,63,9,676,439,108,282,92,38,225,589,118,440,271,15,2,561,548,974,550,94,186,66,6,1038,847,44,236,,161,420,1133,,534,46,70,180,142,138
Fri 18 May 2018,,431,289,311,419,102,17,725,429,90,284,109,48,211,625,147,399,304,19,11,549,614,1050,639,131,238,55,8,1194,986,34,209,,201,510,1306,,631,73,111,179,144,187
Sat 19 May 2018,,166,91,284,135,90,13,238,175,36,200,52,27,79,288,189,272,458,22,57,151,197,396,507,103,270,62,9,805,582,23,109,,170,176,1001,,442,100,226,91,67,173
Sun 20 May 2018,,238,107,469,170,88,26,305,352,39,196,100,32,81,354,201,314,685,3,37,283,373,613,770,146,611,89,10,1310,959,34,179,,261,183,1525,,827,196,318,74,74,359
Mon 21 May 2018,,413,283,212,450,76,10,715,468,102,250,75,53,225,572,113,298,258,20,30,625,627,1051,596,106,226,70,13,1097,875,29,235,,177,492,1081,,542,59,65,192,146,148
Tue 22 May 2018,,398,290,229,451,63,24,737,418,116,294,90,44,236,619,115,332,322,8,10,604,624,1062,646,82,204,47,5,1089,914,24,224,,180,523,1111,,544,73,100,213,131,167
Wed 23 May 2018,,217,171,89,251,31,5,401,234,91,142,70,23,154,301,71,195,116,9,0,308,337,534,320,63,92,53,2,623,463,21,124,,90,273,649,,257,25,23,104,96,68
Thu 24 May 2018,,368,256,200,366,62,4,591,390,106,222,78,30,184,498,113,328,194,14,2,497,485,814,465,67,133,53,3,876,754,29,190,,180,445,917,,467,65,59,163,132,115
Fri 25 May 2018,,227,161,105,217,50,10,404,225,78,148,77,22,145,340,87,260,126,9,2,292,328,452,251,79,79,58,2,649,504,16,88,,72,280,744,,335,19,28,98,75,64
Sat 26 May 2018,,214,88,262,141,106,21,284,262,55,152,65,32,61,299,184,275,422,37,17,198,293,560,619,96,293,96,3,830,648,36,130,,211,169,1038,,505,164,230,105,110,266
Sun 27 May 2018,,111,41,134,84,41,35,122,99,27,110,65,12,46,141,72,152,140,9,6,91,120,216,305,78,135,34,12,360,297,13,43,,68,87,444,,231,36,90,74,34,107
Mon 28 May 2018,,429,299,243,427,88,12,698,481,111,289,81,50,207,607,119,291,290,21,10,623,661,1100,627,107,182,92,5,1063,849,26,213,,229,514,1107,,579,87,87,156,138,181
Tue 29 May 2018,,459,324,361,453,110,13,768,548,80,298,104,52,234,685,167,443,335,19,7,645,570,1271,828,93,238,75,4,1305,1090,39,272,,207,561,1464,,639,90,135,198,158,182
Wed 30 May 2018,,446,287,294,434,90,23,720,519,78,292,113,55,202,641,132,384,348,39,3,660,601,1166,697,105,225,70,7,1168,967,33,236,,262,520,1298,,631,51,108,165,132,187
Thu 31 May 2018,,430,300,305,412,84,14,718,524,66,308,84,58,200,617,168,395,353,31,6,611,636,1088,604,87,187,72,13,1081,949,41,241,,247,538,1239,,597,75,96,180,138,190
Fri 1 Jun 2018,,403,264,309,360,104,29,615,448,85,255,84,35,185,546,121,385,304,20,10,584,519,858,502,106,219,106,16,1103,1005,31,168,,168,456,1196,,685,104,95,183,128,173
Sat 2 Jun 2018,,143,66,178,100,69,22,179,114,34,87,52,20,47,204,162,175,342,39,44,111,179,304,381,96,128,62,9,494,404,18,79,,100,116,684,,367,101,168,97,73,140
Sun 3 Jun 2018,,48,26,74,55,13,7,66,53,19,69,34,5,32,93,32,58,81,9,26,37,44,110,167,54,97,17,1,175,144,9,28,,41,68,273,,152,25,27,43,29,68
Mon 4 Jun 2018,,53,40,97,56,41,1,104,72,34,78,37,7,36,104,71,97,162,11,8,88,90,152,209,39,34,19,5,246,164,7,42,,42,72,383,,130,23,60,56,26,68
Tue 5 Jun 2018,,331,226,210,335,74,17,565,342,88,215,74,30,171,471,102,247,183,59,0,512,429,866,528,81,148,49,3,789,699,37,165,,114,383,856,,439,47,67,173,116,108
Wed 6 Jun 2018,,355,271,206,369,62,16,564,338,82,254,85,28,187,499,107,366,199,10,2,536,442,889,439,76,145,47,10,933,736,15,175,,135,406,1021,,475,49,53,175,103,117
Thu 7 Jun 2018,,383,288,286,412,84,18,636,427,93,238,86,42,196,586,108,357,244,17,7,563,482,1007,573,84,178,51,5,1070,847,28,201,,163,477,1179,,502,49,92,191,133,135
Fri 8 Jun 2018,,415,273,275,371,87,20,591,425,77,247,95,41,184,515,116,623,305,41,9,601,511,975,627,107,273,87,9,1159,1005,20,188,,225,464,1281,,704,76,105,158,173,206
Sat 9 Jun 2018,,258,108,433,177,161,21,289,288,55,186,71,19,81,337,237,452,702,53,43,261,314,618,869,98,397,60,11,1243,1087,35,158,,249,258,1530,,848,211,240,115,94,340
Sun 10 Jun 2018,,210,87,351,142,113,25,243,221,27,143,100,13,65,244,168,287,527,22,32,244,290,478,755,88,419,38,5,951,801,14,104,,207,166,1092,,733,163,274,79,78,288
Mon 11 Jun 2018,,321,210,179,323,65,8,505,370,88,215,75,26,149,430,89,253,217,16,2,544,488,899,507,70,115,53,7,843,650,18,145,,107,332,900,,384,50,41,133,111,110
Tue 12 Jun 2018,,187,151,72,187,40,4,310,224,86,136,69,12,122,302,58,136,118,18,3,289,244,481,256,40,55,47,6,496,356,7,94,,52,206,514,,251,25,15,106,86,56
Wed 13 Jun 2018,,337,259,201,373,65,12,564,378,85,263,76,37,197,501,108,300,194,9,4,506,459,965,520,76,159,53,2,940,727,26,219,,143,444,1001,,462,57,45,169,99,139
Thu 14 Jun 2018,,427,322,293,413,85,24,698,410,90,283,88,34,198,589,165,363,314,18,13,579,477,1077,657,93,202,49,13,1158,937,25,236,,182,457,1295,,622,75,85,207,138,171
Fri 15 Jun 2018,,360,244,282,324,80,33,532,372,79,259,109,45,161,532,130,326,227,22,5,520,463,913,546,74,160,82,7,1060,910,31,196,,114,378,1107,,647,34,60,167,137,131
Sat 16 Jun 2018,,193,76,337,168,81,14,268,199,45,170,64,27,62,317,170,315,505,43,43,208,269,513,632,90,364,57,6,993,819,24,147,,174,224,1174,,639,158,220,114,110,209
Sun 17 Jun 2018,,313,107,481,164,116,40,267,391,37,178,80,17,76,314,234,311,637,22,44,306,363,667,913,65,573,55,9,1223,941,19,158,,242,154,1523,,806,183,320,61,94,363
Mon 18 Jun 2018,,363,267,199,378,51,14,597,395,87,232,85,100,229,493,124,275,232,12,2,581,500,1006,590,88,181,62,2,983,798,30,203,,172,395,994,,480,52,75,177,118,144
Tue 19 Jun 2018,,326,275,224,408,72,22,591,374,71,139,84,117,225,531,143,334,273,16,1,555,471,923,522,84,191,46,4,992,758,18,177,,143,397,1112,,486,72,71,166,141,143
Wed 20 Jun 2018,,295,219,153,329,37,4,536,312,88,117,74,113,158,434,107,244,193,15,0,451,397,814,479,69,59,46,8,823,617,13,158,,144,346,910,,393,26,33,168,119,111
Thu 21 Jun 2018,,231,222,123,245,24,10,427,247,83,178,85,32,140,336,115,156,172,14,0,320,257,504,277,46,29,47,11,691,568,19,105,,100,268,747,,358,9,19,141,97,71
Fri 22 Jun 2018,,289,269,276,346,93,21,567,354,69,245,87,84,165,501,143,398,291,20,13,493,411,849,622,93,209,47,6,1116,919,26,151,,170,390,1290,,606,89,130,169,134,166
Sat 23 Jun 2018,,138,82,278,161,140,17,226,261,44,179,76,19,69,266,149,323,505,30,25,179,362,575,670,119,308,58,6,987,803,28,126,,176,222,1176,,628,124,254,126,113,230
Sun 24 Jun 2018,,215,70,317,114,83,22,226,248,21,146,109,25,60,271,182,290,530,18,16,198,336,469,613,57,362,44,2,794,609,15,134,,209,140,1007,,487,107,237,65,65,273
Mon 25 Jun 2018,,188,147,81,258,43,3,381,222,82,165,65,19,124,325,78,197,87,6,1,315,288,540,299,43,55,42,6,590,465,15,118,,80,252,598,,269,41,29,125,82,65
Tue 26 Jun 2018,,171,159,91,235,36,11,342,215,61,153,60,23,125,303,60,215,93,11,0,325,301,516,301,43,63,40,6,535,457,12,92,,86,226,559,,296,16,29,121,80,60
Wed 27 Jun 2018,,329,273,256,387,79,14,636,375,65,250,100,50,194,534,145,362,270,28,8,543,488,920,653,102,250,42,13,1073,831,22,191,,196,402,1172,,550,96,115,158,133,149
Thu 28 Jun 2018,,278,230,223,367,67,10,522,346,81,214,98,40,172,500,128,351,262,18,5,521,457,855,524,79,153,55,7,854,770,14,173,,156,361,919,,491,38,74,165,105,122
Fri 29 Jun 2018,,220,212,220,334,67,18,506,323,77,216,89,35,167,468,108,306,213,28,9,463,393,813,528,88,167,66,6,920,768,21,167,,135,355,1027,145,533,76,67,140,124,136
Sat 30 Jun 2018,,213,139,293,118,124,31,284,230,40,182,87,15,64,292,194,297,555,31,18,226,288,544,697,96,307,44,15,1030,797,19,120,,238,173,1285,104,637,157,288,88,72,252
Sun 1 Jul 2018,,121,77,268,96,62,19,178,157,25,91,51,10,38,173,163,218,400,5,18,184,190,320,543,65,182,38,2,692,550,19,73,,138,81,912,89,429,78,199,52,49,152
Mon 2 Jul 2018,,290,228,182,346,60,14,544,350,72,224,81,35,181,491,104,264,206,66,2,546,486,978,579,96,175,50,11,899,672,22,189,,114,382,784,201,485,55,68,135,127,114
Tue 3 Jul 2018,,344,283,261,405,102,18,675,430,73,259,108,52,186,568,143,406,392,25,29,606,551,1062,726,104,199,59,8,1084,535,28,200,,189,439,775,203,589,77,104,194,138,169
Wed 4 Jul 2018,,319,268,255,387,86,24,596,398,87,213,88,65,202,547,139,391,228,120,3,554,490,989,681,100,188,44,7,1006,565,20,202,,156,414,744,180,627,67,85,143,146,157
Thu 5 Jul 2018,,321,275,236,368,86,33,605,398,88,245,105,53,200,516,125,366,278,23,6,569,508,973,597,77,192,55,7,988,545,41,187,,176,440,720,162,604,45,104,139,129,138
Fri 6 Jul 2018,,238,248,293,340,92,22,577,389,74,234,97,58,185,519,102,294,277,23,11,518,454,901,658,102,223,53,8,1036,562,28,178,,181,365,1077,191,780,76,93,177,119,156
Sat 7 Jul 2018,,181,83,272,143,102,11,191,247,35,126,73,21,59,266,140,314,417,31,36,205,295,453,571,99,292,57,8,978,363,17,128,,148,150,1034,80,612,61,250,60,78,198
Sun 8 Jul 2018,,182,58,244,125,81,20,168,203,31,128,65,9,48,217,123,194,340,6,20,164,239,409,551,58,290,49,14,769,571,28,112,,154,143,851,107,512,136,159,65,77,202
Mon 9 Jul 2018,,234,205,134,270,51,14,425,261,83,191,85,35,177,415,62,124,132,22,8,424,341,684,343,84,78,44,4,784,568,30,136,,82,302,702,111,406,71,59,132,117,94
Tue 10 Jul 2018,,207,185,121,276,49,8,442,241,69,177,82,32,155,411,79,140,129,21,2,391,336,645,337,62,49,50,11,740,652,23,146,,70,294,707,94,454,33,24,120,123,89
Wed 11 Jul 2018,,332,255,221,351,75,12,564,361,74,250,93,42,171,505,111,265,236,26,10,516,487,903,552,65,154,49,14,866,839,28,190,,178,371,1077,134,665,61,69,143,137,160
Thu 12 Jul 2018,,279,251,247,365,85,15,520,337,70,229,81,49,183,489,111,242,296,26,12,526,490,871,637,79,260,60,7,964,991,26,182,,187,372,1245,158,646,106,126,153,154,163
Fri 13 Jul 2018,,240,222,259,297,61,22,480,291,72,154,95,43,157,458,123,230,231,20,45,442,444,758,489,84,206,49,2,974,933,28,143,,154,356,1133,126,745,74,99,120,136,179
Sat 14 Jul 2018,,74,78,228,121,103,17,229,147,29,132,84,31,56,218,161,179,355,25,45,158,159,337,442,62,181,50,5,880,539,25,74,,136,145,763,41,500,93,182,53,85,165
Sun 15 Jul 2018,,187,15,19,35,20,2,46,31,22,61,41,0,31,58,24,35,32,11,9,28,28,67,61,32,117,16,4,474,123,18,21,,26,40,178,12,121,18,30,51,29,30
Mon 16 Jul 2018,,307,217,170,305,71,15,557,342,101,215,76,40,160,473,95,171,171,14,16,445,380,804,517,72,195,48,8,875,743,28,167,,102,408,955,117,547,131,66,121,113,110
Tue 17 Jul 2018,,305,287,246,403,126,14,656,484,84,289,97,51,182,620,133,289,338,12,7,562,517,1062,679,105,221,43,8,966,979,29,201,,183,484,1210,170,693,110,124,152,174,172
Wed 18 Jul 2018,,302,271,224,382,136,8,662,393,101,261,73,49,227,559,162,239,270,34,6,532,464,973,601,99,210,32,10,856,951,22,193,,139,476,1092,177,652,63,88,134,131,162
Thu 19 Jul 2018,,272,253,245,311,72,5,584,318,81,225,90,34,176,489,122,244,183,21,5,460,422,779,469,95,139,42,3,920,816,17,171,,112,412,1012,111,576,81,71,157,155,101
Fri 20 Jul 2018,,309,232,272,349,88,17,596,392,86,177,99,42,164,503,111,232,233,30,8,470,428,878,563,90,191,49,5,1020,977,42,179,,165,454,1099,136,775,95,76,140,155,178
Sat 21 Jul 2018,,210,105,345,168,127,26,242,264,48,192,69,27,76,324,211,333,606,32,51,253,296,557,810,129,381,42,16,1116,982,21,133,,221,220,1414,161,936,149,299,102,84,271
Sun 22 Jul 2018,,117,44,190,84,64,11,145,154,24,95,50,5,51,186,74,102,190,27,18,109,136,251,327,57,166,28,6,618,466,15,69,,111,110,669,90,459,114,73,60,56,132
Mon 23 Jul 2018,,325,295,213,388,62,15,695,431,95,236,83,37,204,552,116,299,250,22,7,562,469,1073,615,99,178,57,8,811,808,27,211,,166,489,1026,189,536,63,52,128,108,171
Tue 24 Jul 2018,,352,317,282,400,90,22,748,444,93,312,81,44,231,632,137,404,350,36,2,627,539,1111,713,79,208,56,9,1061,914,27,235,,216,515,1356,202,605,85,122,130,143,210
Wed 25 Jul 2018,,380,329,258,402,104,21,749,403,87,253,79,50,217,609,129,390,263,27,6,576,478,1011,621,83,176,46,11,912,870,20,201,,155,476,1201,159,584,47,79,173,141,150
Thu 26 Jul 2018,,296,297,249,413,77,24,724,388,110,274,84,30,202,581,118,353,237,15,2,472,415,887,482,94,158,53,9,935,894,23,186,,137,457,1161,137,626,68,91,150,147,121
Fri 27 Jul 2018,,239,239,212,322,82,10,580,316,86,240,107,46,211,490,108,321,253,12,5,451,369,777,474,79,157,44,6,767,772,19,159,,138,415,1001,148,533,47,64,150,124,134
Sat 28 Jul 2018,,188,89,223,119,106,21,229,191,45,129,61,21,78,234,152,250,417,37,12,133,174,383,445,98,188,45,8,579,606,12,93,,150,142,836,85,481,117,223,88,83,164
Sun 29 Jul 2018,,201,79,323,131,123,16,186,217,28,142,88,12,53,208,168,289,456,7,54,221,220,404,593,66,350,49,7,783,684,21,129,,201,127,1059,121,657,151,221,76,73,211
Mon 30 Jul 2018,,401,309,255,429,84,25,764,501,101,265,84,55,243,625,163,369,301,18,8,596,507,1154,733,108,225,59,12,977,925,23,217,,186,511,1235,208,573,65,91,161,153,190
Tue 31 Jul 2018,,339,301,287,414,119,23,760,469,118,278,87,46,248,620,115,396,306,27,11,592,525,1123,751,79,211,53,5,914,968,24,224,,178,540,1157,209,635,62,96,175,133,171
Wed 1 Aug 2018,,377,299,267,445,90,34,752,449,100,260,85,52,238,577,118,399,296,16,3,592,484,1090,653,81,227,39,10,973,697,28,230,,187,492,1186,188,613,68,75,169,152,155
Thu 2 Aug 2018,,407,312,284,407,93,17,726,480,87,269,76,50,201,643,131,381,303,21,2,576,544,1020,651,69,211,49,10,990,693,26,178,,193,465,1283,194,708,45,122,150,159,162
Fri 3 Aug 2018,,239,213,149,254,53,10,499,245,107,204,78,27,141,364,86,237,161,20,7,334,280,609,354,93,131,45,9,659,389,22,129,,92,328,839,117,422,30,27,130,116,93
Sat 4 Aug 2018,,95,114,359,166,144,23,297,285,49,201,72,24,78,352,300,366,647,57,32,219,310,524,836,170,429,66,12,996,838,19,155,,236,222,1520,123,839,171,272,88,112,330
Sun 5 Aug 2018,,147,66,192,120,77,8,158,139,25,118,71,29,45,166,154,175,226,9,20,118,135,394,592,58,253,39,5,340,283,12,101,,104,94,693,55,255,40,209,49,56,123
Mon 6 Aug 2018,,331,285,219,394,87,18,710,441,101,254,96,52,218,564,111,356,280,14,3,574,487,1085,650,95,195,56,10,920,732,28,219,,195,508,1177,207,515,62,88,149,113,150
Tue 7 Aug 2018,,470,328,295,475,120,31,857,549,93,330,82,50,242,680,178,486,447,27,18,658,579,1231,848,102,238,41,6,1084,870,39,234,,235,573,1601,215,713,108,185,189,137,211
Wed 8 Aug 2018,,278,263,180,379,52,9,690,377,108,248,83,27,203,536,133,356,247,18,16,521,431,928,532,84,170,30,8,801,575,13,181,,141,438,1095,173,507,42,76,135,136,139
Thu 9 Aug 2018,,385,339,246,421,91,19,773,417,95,309,84,46,227,602,140,388,319,22,11,547,489,1059,657,104,223,47,8,953,611,31,224,,198,493,1222,190,640,61,107,177,124,170
Fri 10 Aug 2018,,312,307,266,351,88,18,707,370,98,270,106,44,184,586,132,358,317,17,16,492,429,936,639,100,238,63,15,1009,426,29,215,,175,464,1280,172,686,77,128,168,134,158
Sat 11 Aug 2018,,224,150,403,152,133,44,301,235,39,182,81,27,72,325,182,371,595,32,22,199,249,563,849,134,419,63,7,627,459,29,138,,241,197,1468,141,768,220,255,82,87,295
Sun 12 Aug 2018,,344,123,615,179,161,56,303,382,30,158,99,27,66,280,179,426,813,25,45,284,353,720,1113,153,644,52,9,1174,1098,21,195,,364,192,1860,179,945,302,416,67,111,488
Mon 13 Aug 2018,,284,303,191,390,65,16,695,421,105,271,84,40,209,546,116,312,253,15,10,514,466,974,555,98,196,37,13,748,616,23,213,,137,466,1024,175,441,52,75,153,114,127
Tue 14 Aug 2018,,275,192,115,251,54,11,493,269,105,218,70,35,160,441,114,213,133,13,2,352,278,582,361,73,78,43,2,592,410,18,157,,90,312,714,112,322,29,29,117,90,86
Wed 15 Aug 2018,,287,264,131,304,64,13,597,304,100,215,76,32,172,468,114,177,159,11,4,378,317,721,378,76,100,46,17,714,399,18,151,,121,388,828,106,510,46,51,133,121,110
Thu 16 Aug 2018,,358,305,242,407,93,21,764,446,92,289,80,40,190,576,133,371,284,20,5,516,423,981,646,65,157,53,8,885,644,28,185,,155,486,1222,161,579,73,119,163,114,137
Fri 17 Aug 2018,,216,207,142,241,51,28,500,281,94,211,55,44,164,380,112,265,151,9,9,372,319,686,413,65,118,40,7,649,313,10,116,,89,321,844,141,384,29,47,118,106,93
Sat 18 Aug 2018,,73,77,261,136,113,17,308,251,40,143,84,21,56,279,180,335,442,37,28,178,238,459,529,113,290,65,8,841,508,27,109,,156,218,1171,91,643,96,241,77,89,244
Sun 19 Aug 2018,,82,107,500,156,145,39,281,345,36,155,88,22,58,290,185,338,872,14,72,318,450,666,932,82,606,84,6,1135,998,20,158,,331,212,1718,166,1021,156,395,74,85,371
Mon 20 Aug 2018,,339,256,150,373,61,12,654,359,104,246,78,37,224,523,132,286,203,15,14,502,413,864,486,81,195,45,16,721,485,20,170,,123,472,933,163,439,57,43,169,97,132
Tue 21 Aug 2018,,312,260,166,288,65,10,591,327,108,214,84,37,188,456,125,284,153,17,4,462,401,666,371,70,117,41,4,723,407,14,158,,101,360,849,126,462,45,24,110,114,79
Wed 22 Aug 2018,,292,278,153,306,64,7,663,338,83,206,63,40,183,443,124,294,134,14,8,501,401,809,461,63,152,36,3,679,359,18,149,,93,389,886,153,432,26,65,116,110,99
Thu 23 Aug 2018,,285,252,192,297,56,14,617,321,107,241,75,39,162,499,122,243,149,24,2,424,365,746,452,69,173,53,11,748,384,22,152,,84,428,907,136,502,37,58,130,140,109
Fri 24 Aug 2018,,299,259,226,285,57,19,622,348,87,247,87,51,179,490,116,365,198,13,12,458,414,840,524,133,176,52,7,891,481,20,160,,123,390,1159,156,542,81,77,146,151,134
Sat 25 Aug 2018,,92,71,241,126,126,15,240,198,68,196,68,23,70,287,172,296,424,16,35,165,215,433,533,92,265,40,12,768,488,26,98,7,148,170,952,84,587,121,254,101,97,221
Sun 26 Aug 2018,,232,81,337,157,115,36,249,297,27,124,95,19,56,240,161,292,489,8,25,224,283,509,807,100,457,58,10,834,683,35,154,9,222,139,1363,143,650,189,321,78,64,262
Mon 27 Aug 2018,,372,268,250,400,89,17,682,450,97,256,69,60,211,560,137,323,324,7,11,611,522,1154,721,126,277,47,15,987,724,36,230,26,199,474,1242,192,666,90,88,156,123,184
Tue 28 Aug 2018,,370,319,256,410,117,22,689,477,82,270,98,61,236,631,148,358,310,12,13,637,530,1065,713,83,215,50,9,986,693,26,238,37,180,475,1360,178,657,93,123,156,141,163
Wed 29 Aug 2018,,183,145,115,193,40,8,350,197,79,158,61,21,129,306,112,153,107,13,1,302,250,505,334,62,95,38,5,477,300,13,109,12,68,257,581,112,324,28,41,106,98,78
Thu 30 Aug 2018,,349,320,330,403,102,19,731,453,86,288,88,58,201,601,143,398,312,29,5,578,480,1058,712,79,212,36,8,1012,697,30,227,38,238,448,1326,199,742,78,111,158,143,183
Fri 31 Aug 2018,,244,241,222,296,82,15,578,313,88,258,86,40,167,473,116,327,255,12,9,411,345,744,532,89,194,49,11,770,579,26,166,39,104,344,977,150,532,41,95,139,129,133
Sat 1 Sep 2018,,230,107,400,177,107,31,298,299,48,179,95,26,81,317,199,356,642,62,71,238,308,582,789,136,353,49,9,1140,913,30,145,8,255,223,1498,146,774,177,315,90,80,288
Sun 2 Sep 2018,,50,56,136,66,45,46,102,92,34,99,48,3,36,119,132,156,139,10,22,73,101,196,251,59,134,31,6,355,274,10,38,16,98,93,482,45,223,16,122,51,37,80
Mon 3 Sep 2018,,301,244,146,346,55,16,555,348,82,208,74,36,199,419,108,271,189,17,5,471,387,850,472,69,110,43,5,697,671,20,165,15,121,386,873,142,401,49,36,115,99,123
Tue 4 Sep 2018,,343,293,276,371,92,28,691,394,93,279,93,46,209,575,142,401,301,19,7,569,499,1089,680,79,225,54,9,976,937,24,248,38,162,504,1292,165,610,102,90,147,113,145
Wed 5 Sep 2018,,373,267,228,382,112,20,692,415,88,239,94,33,200,531,134,402,281,17,6,528,458,1066,680,71,203,48,10,944,939,16,209,23,180,421,1166,168,547,79,76,156,134,136
Thu 6 Sep 2018,,247,215,155,246,77,26,450,259,91,179,84,49,158,322,125,211,142,11,4,365,301,691,392,50,91,49,4,610,615,15,147,24,100,309,806,103,349,16,49,124,100,86
Fri 7 Sep 2018,,301,232,227,299,76,28,589,348,86,226,88,47,160,476,125,280,306,23,13,444,378,887,555,123,202,52,6,829,909,19,190,25,140,400,1041,145,595,67,69,144,152,137
Sat 8 Sep 2018,,286,150,455,157,157,33,354,361,68,204,71,24,80,345,211,440,642,86,29,260,300,645,915,184,424,85,18,1371,1216,32,178,17,235,232,1677,159,1018,224,332,96,90,386
Sun 9 Sep 2018,,224,106,278,123,98,39,228,257,30,151,67,19,50,260,170,299,465,10,35,219,276,511,629,121,280,51,6,769,592,25,157,23,167,154,972,138,555,181,285,65,80,235
Mon 10 Sep 2018,,295,267,184,375,72,13,675,390,99,255,74,46,193,551,133,291,250,9,0,528,444,979,599,104,188,64,12,809,761,20,209,32,157,451,1009,172,473,73,58,146,125,162
Tue 11 Sep 2018,,336,304,264,416,90,12,755,436,110,293,74,44,181,605,139,328,322,20,4,568,511,1074,700,71,190,64,6,905,951,27,248,39,181,474,1201,188,552,95,105,162,150,209
Wed 12 Sep 2018,,424,316,331,427,102,13,824,528,123,293,90,33,230,685,145,424,377,32,7,619,574,1256,845,105,195,48,14,1219,1120,30,232,38,211,529,1473,207,795,94,150,190,156,192
Thu 13 Sep 2018,,385,347,279,400,106,32,731,462,107,258,79,49,204,600,134,413,294,31,11,594,506,1096,694,114,192,59,10,1035,989,34,237,38,191,467,1293,198,626,72,128,148,141,189
Fri 14 Sep 2018,,295,295,241,373,86,15,700,401,121,292,94,48,163,541,115,359,254,39,8,517,461,908,605,102,217,59,13,933,968,27,188,27,154,416,1165,166,641,53,77,152,142,152
Sat 15 Sep 2018,,259,113,479,213,150,34,334,294,44,198,86,25,88,407,216,388,807,57,42,264,358,597,834,172,375,59,27,1441,1168,21,150,60,287,235,1776,156,956,174,397,107,119,311
Sun 16 Sep 2018,,283,103,398,165,114,36,293,311,50,171,89,19,70,316,182,387,688,23,28,200,241,566,817,75,516,84,13,1130,823,34,161,19,290,218,1354,145,715,203,366,74,109,318
Mon 17 Sep 2018,23,380,307,216,408,86,19,783,482,102,288,64,46,202,592,129,343,277,19,4,622,540,1189,674,100,261,50,13,997,929,27,217,33,199,524,1176,204,577,68,67,171,164,199
Tue 18 Sep 2018,2,298,283,264,309,74,8,681,349,95,266,64,44,173,520,152,332,213,19,4,443,359,868,476,62,179,34,7,781,773,20,166,25,132,436,1073,137,470,23,59,131,112,150
Wed 19 Sep 2018,28,296,314,211,386,93,18,771,357,95,226,93,33,190,538,141,367,265,26,0,523,438,938,563,80,165,28,7,876,849,23,174,29,159,472,1090,194,546,60,58,172,130,162
Thu 20 Sep 2018,44,389,379,362,433,118,13,822,498,101,294,83,59,200,618,146,414,356,29,7,625,521,1212,757,99,255,57,11,1229,1145,24,218,38,239,529,1480,206,799,90,171,187,165,241
Fri 21 Sep 2018,8,381,306,289,351,87,19,680,410,103,272,95,35,194,559,119,360,264,23,5,531,473,990,618,89,229,46,14,1033,1030,37,201,18,170,431,1241,176,646,71,92,175,160,170
Sat 22 Sep 2018,18,74,118,301,144,113,33,256,193,49,177,57,37,63,288,179,368,552,28,8,185,233,398,600,59,278,60,7,826,771,45,119,9,222,183,1176,96,618,123,267,107,75,217
Sun 23 Sep 2018,4,335,103,546,203,148,28,314,387,36,207,66,9,75,328,169,280,754,11,63,291,379,769,1037,126,624,44,19,1551,1176,38,177,15,318,164,1838,156,963,236,379,116,117,457
Mon 24 Sep 2018,7,398,304,181,402,79,17,755,404,110,249,88,33,195,551,132,311,243,9,6,538,510,1072,573,113,210,38,7,903,824,25,203,24,140,509,1116,195,471,41,55,182,127,163
Tue 25 Sep 2018,0,294,251,169,305,64,15,635,305,85,216,66,22,162,453,123,371,124,11,0,416,373,751,370,68,113,29,3,674,664,18,163,20,96,389,849,111,400,35,46,159,121,93
Wed 26 Sep 2018,4,335,264,187,370,64,24,670,382,110,228,83,39,160,486,135,334,216,11,9,497,455,921,501,68,178,53,8,780,762,20,163,21,131,445,1003,146,480,47,59,141,125,121
Thu 27 Sep 2018,7,423,346,289,414,105,18,837,473,126,308,99,42,199,610,125,360,305,39,2,545,483,1076,674,92,222,60,11,991,1026,23,202,28,238,545,1218,156,606,68,109,170,155,196
Fri 28 Sep 2018,10,369,308,296,384,72,26,761,421,128,297,113,51,194,554,125,339,323,31,9,537,494,936,617,136,244,43,8,1097,1059,19,212,29,210,490,1295,149,684,81,91,158,149,157
Sat 29 Sep 2018,25,184,91,430,161,123,20,285,318,66,210,83,49,86,305,199,410,705,29,69,268,356,672,887,142,398,69,20,1284,1060,31,178,16,241,209,1515,144,760,179,306,111,113,275
Sun 30 Sep 2018,13,288,94,455,129,115,35,310,342,41,180,87,24,61,315,166,288,608,28,36,255,325,619,972,171,446,39,16,1249,1038,39,160,18,219,169,1581,138,872,221,384,81,111,388
Mon 1 Oct 2018,19,352,309,210,366,74,13,681,406,102,244,76,50,217,524,118,252,240,18,26,572,577,1069,665,109,165,40,13,868,838,28,196,31,167,463,1078,158,558,137,78,145,139,195
Tue 2 Oct 2018,25,225,246,208,292,93,11,576,349,107,235,67,41,171,467,126,304,262,19,14,449,413,824,567,81,176,50,7,856,762,34,180,24,139,395,1035,144,528,121,105,160,134,170
Wed 3 Oct 2018,19,413,370,355,461,117,22,822,489,110,290,82,52,236,721,124,328,414,25,11,666,620,1269,792,163,364,41,16,1169,1217,40,257,72,224,548,1561,214,833,97,141,177,169,255
Thu 4 Oct 2018,26,394,350,326,414,80,9,762,473,111,292,95,57,248,626,129,301,373,29,21,595,517,1076,641,99,222,37,13,1002,1072,42,220,44,208,495,1389,180,734,100,138,209,152,215
Fri 5 Oct 2018,22,320,301,323,352,91,12,716,406,104,259,78,46,197,525,121,273,340,32,26,566,513,1077,703,130,288,55,10,1294,1170,26,247,37,190,485,1444,175,838,177,136,158,155,212
Sat 6 Oct 2018,20,82,154,432,170,179,42,365,312,49,208,93,36,88,409,203,397,660,42,46,279,361,657,910,205,398,67,5,1444,1346,36,179,27,260,215,1756,195,975,211,395,93,117,325
Sun 7 Oct 2018,33,273,96,372,161,147,30,308,330,35,178,68,13,72,313,186,330,556,7,50,308,352,630,868,133,435,43,10,1146,916,18,146,24,200,218,1348,160,697,231,378,85,93,337
Mon 8 Oct 2018,27,443,291,264,416,83,24,763,543,116,287,74,58,231,656,127,273,383,34,39,629,578,1261,790,144,275,77,16,1247,1076,27,262,52,222,525,1432,219,679,166,111,167,163,253
Tue 9 Oct 2018,8,459,324,337,443,118,36,828,567,119,299,76,78,241,659,153,299,390,38,20,640,638,1341,817,139,336,82,21,1331,1148,34,266,55,227,540,1599,183,720,110,189,195,161,256
Wed 10 Oct 2018,17,414,299,293,430,117,22,812,536,111,293,105,59,229,679,129,323,400,44,8,653,613,1268,845,165,226,58,13,1275,1165,33,241,40,218,575,1475,195,768,91,140,191,200,295
Thu 11 Oct 2018,6,297,248,262,364,72,12,612,392,87,230,90,47,196,498,128,324,241,23,9,463,394,869,522,132,158,66,7,896,822,31,189,34,120,432,1187,138,491,86,90,162,133,148
Fri 12 Oct 2018,2,211,160,112,183,43,4,368,193,88,152,72,26,154,328,102,268,135,14,9,268,235,451,258,79,28,66,5,559,497,21,89,24,70,284,663,77,315,36,19,140,122,55
Sat 13 Oct 2018,6,170,128,224,140,102,25,292,175,70,171,63,23,80,312,185,388,479,29,39,178,221,373,457,108,261,110,11,665,629,27,140,6,164,169,900,74,529,181,187,86,85,166
Sun 14 Oct 2018,10,261,100,410,174,160,26,281,367,38,200,76,22,51,343,164,325,758,13,60,249,321,630,857,150,392,72,12,1256,956,33,175,21,305,204,1435,153,775,228,466,91,83,325
Mon 15 Oct 2018,21,446,315,328,461,116,34,812,519,104,298,95,45,205,639,133,331,397,19,6,747,685,1418,863,132,274,89,10,1293,1099,44,273,47,219,572,1460,255,708,111,131,218,174,258
Tue 16 Oct 2018,13,446,347,347,444,129,27,841,594,119,329,90,66,197,728,161,373,364,12,14,707,657,1368,862,119,270,131,11,1445,1199,34,262,58,222,550,1526,226,680,97,186,194,171,206
Wed 17 Oct 2018,8,376,342,266,435,103,18,836,468,105,318,91,57,187,634,141,387,293,18,9,670,595,1252,695,103,215,156,8,1193,1050,17,244,38,205,558,1277,220,640,63,95,210,175,192
Thu 18 Oct 2018,14,417,305,302,405,96,13,714,455,123,321,87,38,172,615,134,395,272,23,12,591,515,1042,603,112,185,112,16,1070,1098,39,207,31,152,502,1207,215,705,39,110,180,154,150
Fri 19 Oct 2018,23,367,282,323,386,102,24,725,440,118,284,117,58,209,610,120,373,309,44,14,528,491,1065,751,162,268,110,11,1252,1205,27,231,37,199,526,1586,220,847,123,138,195,166,194
Sat 20 Oct 2018,14,234,105,398,144,150,24,318,305,42,201,77,40,63,344,199,409,588,31,80,234,376,638,761,212,441,124,10,1262,1016,26,165,18,211,200,1497,138,870,125,340,84,107,249
Sun 21 Oct 2018,9,240,109,351,131,105,39,289,269,37,174,74,27,56,301,178,315,535,31,121,229,293,583,741,247,623,128,8,1161,1013,30,147,19,222,170,1380,154,921,210,288,78,95,272
Mon 22 Oct 2018,29,274,103,452,170,125,47,306,355,35,203,61,21,58,295,135,306,757,37,57,318,436,730,930,209,711,86,13,1455,1103,28,156,33,272,189,1828,220,2226,255,295,91,110,388
Tue 23 Oct 2018,17,457,363,325,480,108,45,787,535,112,300,95,62,205,691,142,401,419,41,25,741,653,1369,911,178,322,125,15,1335,1195,26,290,62,248,516,1642,245,1991,94,155,187,183,224
Wed 24 Oct 2018,27,422,371,350,451,110,40,886,536,120,319,90,58,203,705,136,408,415,24,8,728,677,1356,860,166,320,136,13,1194,1237,40,280,52,270,541,1596,289,1650,99,162,177,214,261
Thu 25 Oct 2018,9,470,342,340,446,115,22,824,535,121,330,109,59,237,694,136,382,371,29,25,674,588,1324,884,149,274,126,16,1145,1210,42,267,50,233,558,1470,237,773,103,152,208,206,212
Fri 26 Oct 2018,29,753,286,278,443,94,31,716,739,99,312,81,55,238,579,127,363,314,28,18,1004,836,1149,681,131,261,230,16,1016,1623,40,229,36,209,506,1355,190,1905,98,114,198,196,233
Sat 27 Oct 2018,16,189,134,316,166,147,32,329,261,75,213,71,45,71,318,177,403,539,51,22,181,254,568,808,155,241,129,19,941,763,23,169,32,193,204,1274,143,1275,363,282,103,106,224
Sun 28 Oct 2018,23,255,122,313,145,96,24,309,252,58,198,70,23,85,326,161,336,492,19,26,229,272,641,689,118,431,74,11,710,604,36,179,12,187,166,897,151,639,227,235,95,159,291
Mon 29 Oct 2018,7,231,194,169,293,60,10,527,283,77,222,61,46,187,435,105,319,178,16,4,474,391,804,495,106,150,161,14,779,708,41,145,22,109,380,928,141,451,56,48,163,114,113
Tue 30 Oct 2018,1,307,227,166,273,68,9,532,288,96,212,78,32,195,424,125,353,169,22,4,397,335,708,398,77,152,177,3,709,659,35,117,34,117,340,859,132,393,34,60,138,122,98
Wed 31 Oct 2018,13,409,350,334,484,157,28,848,548,95,347,96,59,251,752,157,431,435,22,15,718,639,1464,969,161,297,198,17,1425,1320,39,289,60,312,585,1773,261,815,76,180,194,174,248
Thu 1 Nov 2018,4,307,255,143,283,74,14,559,278,106,243,89,49,163,450,34,361,172,18,13,430,401,774,398,114,135,186,14,764,767,24,144,36,154,355,935,107,466,30,52,197,119,92
Fri 2 Nov 2018,14,339,304,318,386,138,18,772,473,93,301,105,55,199,619,267,343,339,45,12,651,622,1179,766,166,242,166,17,1215,1132,30,234,41,197,448,1497,199,830,95,158,223,194,186
Sat 3 Nov 2018,1,98,102,312,126,136,24,324,237,62,185,77,22,82,345,283,386,506,25,29,166,212,558,572,149,192,91,5,880,688,26,130,29,204,208,1055,125,530,103,293,96,107,180
Sun 4 Nov 2018,35,223,132,287,156,123,27,298,294,39,159,58,19,61,305,299,334,418,29,31,269,353,637,729,125,313,90,8,910,696,34,168,13,225,173,1131,150,644,137,284,100,71,262
Mon 5 Nov 2018,16,447,338,236,432,102,16,805,482,103,284,79,59,229,570,249,335,290,37,13,649,616,1276,715,212,205,178,18,1092,975,33,246,55,204,515,1318,242,640,102,112,192,165,207
Tue 6 Nov 2018,7,483,400,334,447,126,20,872,545,139,336,96,70,262,703,304,378,501,30,10,718,658,1441,924,153,295,197,11,1370,1164,47,272,72,249,553,1742,215,702,131,219,216,158,239
Wed 7 Nov 2018,8,508,366,382,503,138,31,891,588,136,291,87,75,257,725,434,399,389,24,11,720,688,1475,948,178,294,157,22,1423,1305,33,285,50,258,577,1744,256,862,132,182,201,180,277
Thu 8 Nov 2018,8,377,317,293,408,102,17,701,430,103,308,75,48,215,599,255,388,325,28,13,548,487,1028,653,147,221,116,8,1035,960,42,203,39,208,442,1316,186,572,75,130,212,121,170
Fri 9 Nov 2018,22,371,266,277,382,104,17,711,420,107,320,104,48,214,594,294,346,307,23,15,576,488,1073,660,136,271,182,14,974,997,41,238,38,187,484,1289,202,622,89,148,207,144,148
Sat 10 Nov 2018,29,160,105,383,150,192,18,368,425,49,203,79,56,111,281,362,438,633,49,51,337,385,745,877,318,369,221,9,1257,1275,26,199,47,213,267,1592,160,898,218,365,93,153,231
Sun 11 Nov 2018,16,312,103,369,164,125,21,329,346,49,172,67,25,73,324,347,325,613,14,31,248,269,637,845,149,484,130,12,1010,878,22,168,12,270,183,1222,112,813,170,346,123,97,292
Mon 12 Nov 2018,11,407,105,284,423,96,24,749,483,93,285,65,53,228,644,301,287,409,46,6,671,690,1273,795,189,387,194,11,1260,1146,51,238,35,229,482,1398,228,957,172,104,193,164,215
Tue 13 Nov 2018,25,557,351,396,529,146,26,939,614,121,326,87,55,283,783,345,388,451,45,16,902,774,1520,981,160,325,104,16,1596,1401,67,279,53,303,544,1916,239,1114,127,261,245,160,266
Wed 14 Nov 2018,16,483,378,363,481,123,25,887,539,122,377,112,67,256,730,432,408,370,32,13,883,691,1464,937,197,290,98,18,1471,1420,29,271,60,237,525,1727,235,1231,91,152,225,174,230
Thu 15 Nov 2018,12,440,323,367,463,132,28,849,531,102,329,79,59,287,706,313,392,428,40,6,877,720,1407,941,182,298,76,19,1402,1295,42,256,43,249,559,1764,242,1247,113,179,272,166,241
Fri 16 Nov 2018,13,352,298,342,437,117,32,765,422,108,321,104,37,228,639,264,324,347,20,8,732,576,1224,769,198,249,65,21,1290,1316,39,239,30,235,437,1617,205,927,111,157,211,191,224
Sat 17 Nov 2018,38,177,117,395,169,165,29,325,346,56,213,77,45,81,341,458,416,776,34,53,345,389,747,996,261,332,57,11,1335,1098,42,141,21,240,216,1716,161,978,180,375,128,114,267
Sun 18 Nov 2018,8,239,126,413,161,130,42,340,313,31,220,75,44,79,342,373,310,691,25,76,275,296,689,1013,185,449,70,15,1260,984,44,220,33,295,193,1435,149,878,223,410,135,82,281
Mon 19 Nov 2018,8,408,197,247,408,120,13,710,471,82,279,79,40,235,613,271,320,289,24,7,769,656,1198,721,165,255,46,12,1187,1003,34,231,44,193,460,1181,213,673,98,103,202,143,190
Tue 20 Nov 2018,22,348,346,245,320,100,12,651,319,84,243,103,46,197,505,237,370,211,37,5,553,423,795,513,124,232,53,13,1019,870,31,158,36,132,338,1148,164,732,73,116,181,139,178
Wed 21 Nov 2018,26,317,384,156,274,84,9,546,299,84,252,112,38,195,455,257,380,190,24,3,524,417,797,446,79,160,45,12,821,799,35,139,30,126,305,948,130,592,46,53,164,139,101
Thu 22 Nov 2018,6,358,323,230,358,102,19,659,364,97,291,85,48,223,580,235,366,274,33,13,616,528,958,597,171,223,49,15,1037,971,46,209,30,168,403,1177,166,728,107,111,203,153,165
Fri 23 Nov 2018,21,374,301,327,381,124,18,675,451,81,326,104,49,242,573,330,340,340,34,5,745,626,1159,721,208,310,78,16,1330,1227,40,250,32,246,435,1482,235,1116,93,121,232,193,201
Sat 24 Nov 2018,15,62,122,44,82,40,4,100,46,35,100,46,9,56,141,92,378,124,46,2,80,77,107,103,79,294,35,11,216,249,14,45,4,34,69,372,26,322,49,27,72,61,33
Sun 25 Nov 2018,9,92,123,118,69,37,18,104,101,28,106,49,0,71,147,151,304,183,17,14,101,117,244,292,68,433,45,15,399,373,26,69,9,106,96,539,76,318,85,132,64,58,94
Mon 26 Nov 2018,17,411,221,306,438,117,14,717,498,87,279,89,53,235,611,271,331,306,36,15,791,641,1291,751,178,263,57,11,1228,985,50,260,36,199,424,1306,203,697,118,139,237,185,203
Tue 27 Nov 2018,17,387,349,280,400,113,25,780,464,92,352,94,46,228,587,285,372,345,34,10,715,580,1152,643,163,265,69,16,1047,1043,30,216,38,215,433,1290,213,662,59,131,224,164,181
Wed 28 Nov 2018,17,468,384,355,486,127,27,827,508,112,363,103,61,239,663,436,402,357,24,21,898,721,1438,818,185,272,46,12,1405,1227,39,292,58,234,447,1626,228,861,101,172,273,185,232
Thu 29 Nov 2018,42,460,320,378,452,115,17,713,507,98,353,103,55,301,650,348,404,312,31,37,838,611,1288,808,157,232,69,13,1361,1021,37,253,48,259,442,1648,225,839,145,170,237,181,219
Fri 30 Nov 2018,12,312,305,293,310,95,13,746,416,95,324,112,39,195,332,195,318,346,33,17,648,482,1041,517,155,285,63,15,825,1187,28,225,26,139,347,991,132,644,39,61,235,160,150
Sat 1 Dec 2018,0,73,118,75,88,39,9,293,84,40,115,57,18,76,293,137,411,533,42,6,170,525,276,133,87,302,43,8,261,364,23,66,15,73,126,399,38,197,34,26,121,68,94
Sun 2 Dec 2018,17,302,127,382,199,116,22,284,371,42,200,69,22,83,294,342,326,485,14,26,348,350,859,910,171,432,41,9,1151,1220,38,194,16,284,193,1497,174,806,145,321,120,142,318
Mon 3 Dec 2018,2,280,226,158,291,79,10,757,310,107,252,88,29,192,632,179,323,325,35,4,601,469,857,443,91,280,47,10,658,726,23,152,23,103,280,739,121,393,32,41,191,115,118
Tue 4 Dec 2018,12,319,374,203,302,101,22,831,348,81,348,107,42,179,661,235,384,389,35,5,603,495,1033,598,101,290,58,10,829,1108,34,192,37,165,321,978,144,654,117,122,220,127,147
Wed 5 Dec 2018,18,457,340,272,466,109,21,776,518,104,369,101,51,237,614,403,402,340,22,8,827,722,1397,773,75,265,57,15,1130,1411,23,247,38,226,441,1319,234,1008,81,123,286,154,246
Thu 6 Dec 2018,8,318,269,168,310,97,8,541,333,88,335,86,34,178,442,244,395,349,31,3,588,434,893,431,142,252,55,6,775,1059,43,163,24,144,326,937,138,534,49,52,239,137,120
Fri 7 Dec 2018,22,363,323,337,394,148,15,710,408,90,384,109,48,196,577,331,341,353,33,26,769,602,1193,739,198,291,61,20,1216,1795,33,222,41,237,399,1485,211,780,101,130,271,158,237
Sat 8 Dec 2018,19,115,143,272,173,152,38,323,301,46,224,90,30,74,344,270,411,530,42,21,352,380,750,691,221,341,42,11,1068,1068,43,209,33,253,170,1365,195,746,213,264,150,90,235
Sun 9 Dec 2018,16,76,77,330,159,126,31,246,319,33,217,55,28,55,265,323,321,501,14,30,361,380,711,703,197,461,64,6,1058,1072,34,182,39,192,167,1265,118,766,257,344,128,121,253
Mon 10 Dec 2018,11,452,335,272,490,105,19,745,543,104,361,84,47,213,621,299,316,340,35,11,893,760,1474,785,154,309,67,9,1251,1465,45,273,40,216,441,1384,210,792,114,126,288,167,215
Tue 11 Dec 2018,16,453,354,337,498,153,24,839,563,105,372,112,55,262,691,341,382,365,34,12,949,783,1564,875,177,284,49,27,1345,1739,48,299,49,245,452,1634,217,903,106,181,316,202,237
Wed 12 Dec 2018,8,442,314,323,464,116,21,770,495,94,357,102,58,264,620,314,402,326,24,25,865,736,1381,783,136,267,63,19,1224,1779,50,262,39,225,400,1453,197,793,91,112,258,169,185
Thu 13 Dec 2018,16,412,353,374,488,132,16,792,509,106,382,92,58,223,689,314,410,353,31,25,838,734,1350,810,147,213,64,13,1562,1867,32,264,32,224,407,1518,190,815,123,130,275,172,218
Fri 14 Dec 2018,12,298,265,306,345,114,18,633,391,95,371,100,50,204,530,273,376,360,33,22,642,538,1041,588,157,135,65,15,1200,1552,29,211,31,178,379,1233,165,725,55,143,203,154,172
Sat 15 Dec 2018,19,58,96,316,174,110,19,293,260,41,212,78,35,72,378,288,389,502,42,14,289,331,625,627,234,277,53,20,1044,1013,41,153,27,197,197,1216,120,775,129,255,132,112,207
Sun 16 Dec 2018,6,116,99,431,179,191,39,294,312,37,183,79,29,94,312,376,479,484,14,54,280,332,773,903,198,320,39,12,1435,1121,33,174,23,229,168,1577,130,854,157,384,88,99,251
Mon 17 Dec 2018,9,451,345,414,409,123,24,793,526,117,346,107,63,260,624,359,336,328,37,20,894,771,1471,870,233,292,60,15,1626,1071,52,280,41,208,415,1626,236,762,123,138,259,168,219
Tue 18 Dec 2018,16,416,381,434,460,164,25,877,570,110,392,106,66,261,704,375,402,341,34,32,977,789,1572,907,184,238,75,20,1763,1215,44,287,44,259,444,1803,222,845,177,244,292,180,235
Wed 19 Dec 2018,23,414,315,341,416,123,17,742,515,104,381,95,76,227,628,329,410,322,23,27,845,710,1326,842,210,256,63,19,1408,1329,51,252,45,217,400,1385,185,790,169,140,279,172,220
Thu 20 Dec 2018,40,313,242,208,311,84,4,513,325,75,339,75,51,222,419,224,216,338,31,14,549,428,863,490,111,106,77,16,948,1252,37,181,23,120,255,900,120,451,60,69,221,127,122
Fri 21 Dec 2018,21,318,208,280,281,84,16,500,302,69,352,95,49,168,441,221,318,357,33,12,508,437,880,526,156,176,59,9,1132,1627,35,170,26,134,269,1073,104,709,53,106,215,145,130
Sat 22 Dec 2018,17,160,82,291,128,135,44,260,228,59,167,84,25,76,344,387,392,439,42,21,255,292,642,677,156,323,61,17,1107,1079,27,173,36,189,155,1233,71,595,158,322,131,107,234
Sun 23 Dec 2018,2,173,48,282,108,81,20,172,189,27,148,94,22,39,197,261,211,428,14,18,218,213,425,641,119,174,44,10,718,634,21,106,19,158,107,821,108,363,113,213,83,62,111
Mon 24 Dec 2018,0,51,37,35,62,23,4,88,34,31,152,63,32,41,79,109,82,332,36,28,66,54,104,90,49,33,49,8,218,167,12,30,5,24,52,261,24,85,9,15,64,40,25
Tue 25 Dec 2018,6,54,26,120,30,28,8,67,74,11,70,31,8,16,64,66,130,368,34,8,41,50,114,124,49,116,17,3,419,331,9,27,12,43,46,541,19,181,23,33,25,25,60
Wed 26 Dec 2018,33,164,62,185,98,101,19,164,176,20,114,50,19,33,194,178,267,343,23,75,169,215,362,415,196,326,37,7,819,873,33,83,13,145,100,836,92,516,231,215,68,79,166
Thu 27 Dec 2018,30,228,110,274,148,123,30,289,241,43,193,83,11,70,288,328,392,346,31,79,322,393,661,732,190,268,38,19,1772,1229,37,154,38,216,164,1332,173,813,219,241,111,109,234
Fri 28 Dec 2018,19,231,85,290,162,97,15,289,230,31,246,79,18,73,267,293,335,357,33,95,344,396,713,704,302,45,41,25,1294,1257,23,148,26,193,201,1331,157,780,237,193,134,90,223
Sat 29 Dec 2018,23,209,64,282,167,137,21,232,260,23,157,73,20,55,257,321,356,507,42,104,226,286,530,725,321,35,50,12,1200,1231,32,122,34,196,142,1301,120,737,223,265,87,80,227
Sun 30 Dec 2018,30,262,68,285,159,118,26,220,300,13,191,75,26,49,253,326,386,489,14,55,278,379,549,628,305,111,39,14,1377,1394,32,127,25,183,126,1471,120,775,303,256,101,64,269
Mon 31 Dec 2018,26,260,90,194,160,104,15,245,266,21,152,70,14,49,229,281,259,333,36,96,242,285,502,516,265,488,43,15,933,1292,28,94,30,181,161,997,80,795,214,180,111,42,209
,1698,115011,82532,105325,112206,35279,7343,198657,137844,28178,89095,30457,14653,59323,177635,61673,125154,134360,9888,7738,171848,172081,319761,238300,48740,96110,21475,3907,395830,342336,9634,68954,4087,66498,132282,454885,29466,254055,42812,56570,54722,45670,73606
